INSERT INTO "ServiceDirections" ("Id","ServiceDirectionName","ServiceDirectionAbbreviation","RouteId","IsDescending") VALUES (1,'Cumberland-Rockwood','West',1,0);
INSERT INTO "ServiceDirections" ("Id","ServiceDirectionName","ServiceDirectionAbbreviation","RouteId","IsDescending") VALUES (2,'Rockwood-Cumberland','East',1,1);
INSERT INTO "ServiceDirections" ("Id","ServiceDirectionName","ServiceDirectionAbbreviation","RouteId","IsDescending") VALUES (3,'Local duties ','Local',1,0);
INSERT INTO "ServiceDirections" ("Id","ServiceDirectionName","ServiceDirectionAbbreviation","RouteId","IsDescending") VALUES (9,'Norton-Fitzwarren to Minehead','East',2,0);
INSERT INTO "ServiceDirections" ("Id","ServiceDirectionName","ServiceDirectionAbbreviation","RouteId","IsDescending") VALUES (10,'Minehead to Norton Fitzwarren','West',2,1);
INSERT INTO "ServiceDirections" ("Id","ServiceDirectionName","ServiceDirectionAbbreviation","RouteId","IsDescending") VALUES (11,'Hagen-Finnentrop','South',3,0);
INSERT INTO "ServiceDirections" ("Id","ServiceDirectionName","ServiceDirectionAbbreviation","RouteId","IsDescending") VALUES (12,'Finnentrop-Hagen','North',3,1);
INSERT INTO "ConnectTtSi" ("Id","TimetableId","ServiceInstanceId") VALUES (5,2,1);
INSERT INTO "ConnectTtSi" ("Id","TimetableId","ServiceInstanceId") VALUES (6,2,2);
INSERT INTO "ConnectTtSi" ("Id","TimetableId","ServiceInstanceId") VALUES (7,2,3);
INSERT INTO "ConnectTtSi" ("Id","TimetableId","ServiceInstanceId") VALUES (8,2,4);
INSERT INTO "ConnectTtSi" ("Id","TimetableId","ServiceInstanceId") VALUES (9,2,5);
INSERT INTO "ConnectTtSi" ("Id","TimetableId","ServiceInstanceId") VALUES (10,2,6);
INSERT INTO "ConnectTtSi" ("Id","TimetableId","ServiceInstanceId") VALUES (11,2,7);
INSERT INTO "ConnectTtSi" ("Id","TimetableId","ServiceInstanceId") VALUES (12,2,8);
INSERT INTO "ConnectTtSi" ("Id","TimetableId","ServiceInstanceId") VALUES (14,2,9);
INSERT INTO "ConnectTtSi" ("Id","TimetableId","ServiceInstanceId") VALUES (15,2,10);
INSERT INTO "ConnectTtSi" ("Id","TimetableId","ServiceInstanceId") VALUES (16,2,11);
INSERT INTO "ConnectTtSi" ("Id","TimetableId","ServiceInstanceId") VALUES (17,2,12);
INSERT INTO "ConnectTtSi" ("Id","TimetableId","ServiceInstanceId") VALUES (18,2,13);
INSERT INTO "ConnectTtSi" ("Id","TimetableId","ServiceInstanceId") VALUES (19,2,14);
INSERT INTO "ConnectTtSi" ("Id","TimetableId","ServiceInstanceId") VALUES (22,2,15);
INSERT INTO "ConnectTtSi" ("Id","TimetableId","ServiceInstanceId") VALUES (23,2,16);
INSERT INTO "ConnectTtSi" ("Id","TimetableId","ServiceInstanceId") VALUES (24,2,17);
INSERT INTO "ConnectTtSi" ("Id","TimetableId","ServiceInstanceId") VALUES (25,2,18);
INSERT INTO "ConnectTtSi" ("Id","TimetableId","ServiceInstanceId") VALUES (27,2,28);
INSERT INTO "ConnectTtSi" ("Id","TimetableId","ServiceInstanceId") VALUES (28,1,19);
INSERT INTO "ConnectTtSi" ("Id","TimetableId","ServiceInstanceId") VALUES (29,1,20);
INSERT INTO "ConnectTtSi" ("Id","TimetableId","ServiceInstanceId") VALUES (30,1,21);
INSERT INTO "ConnectTtSi" ("Id","TimetableId","ServiceInstanceId") VALUES (31,1,22);
INSERT INTO "ConnectTtSi" ("Id","TimetableId","ServiceInstanceId") VALUES (32,1,23);
INSERT INTO "ConnectTtSi" ("Id","TimetableId","ServiceInstanceId") VALUES (33,1,24);
INSERT INTO "ConnectTtSi" ("Id","TimetableId","ServiceInstanceId") VALUES (34,1,25);
INSERT INTO "ConnectTtSi" ("Id","TimetableId","ServiceInstanceId") VALUES (35,1,26);
INSERT INTO "ConnectTtSi" ("Id","TimetableId","ServiceInstanceId") VALUES (36,1,27);
INSERT INTO "ConnectTtSi" ("Id","TimetableId","ServiceInstanceId") VALUES (37,1,29);
INSERT INTO "ConnectTtSi" ("Id","TimetableId","ServiceInstanceId") VALUES (38,1,30);
INSERT INTO "ConnectTtSi" ("Id","TimetableId","ServiceInstanceId") VALUES (39,1,31);
INSERT INTO "ConnectTtSi" ("Id","TimetableId","ServiceInstanceId") VALUES (40,1,32);
INSERT INTO "ConnectTtSi" ("Id","TimetableId","ServiceInstanceId") VALUES (41,3,33);
INSERT INTO "ConnectTtSi" ("Id","TimetableId","ServiceInstanceId") VALUES (42,3,34);
INSERT INTO "ConnectTtSi" ("Id","TimetableId","ServiceInstanceId") VALUES (43,3,35);
INSERT INTO "ConnectTtSi" ("Id","TimetableId","ServiceInstanceId") VALUES (44,3,36);
INSERT INTO "ConnectTtSi" ("Id","TimetableId","ServiceInstanceId") VALUES (45,3,37);
INSERT INTO "ConnectTtSi" ("Id","TimetableId","ServiceInstanceId") VALUES (46,3,38);
INSERT INTO "ConnectTtSi" ("Id","TimetableId","ServiceInstanceId") VALUES (47,4,39);
INSERT INTO "ConnectTtSi" ("Id","TimetableId","ServiceInstanceId") VALUES (48,4,40);
INSERT INTO "ConnectTtSi" ("Id","TimetableId","ServiceInstanceId") VALUES (49,4,41);
INSERT INTO "ConnectTtSi" ("Id","TimetableId","ServiceInstanceId") VALUES (50,4,42);
INSERT INTO "ConnectTtSi" ("Id","TimetableId","ServiceInstanceId") VALUES (51,4,43);
INSERT INTO "ConnectTtSi" ("Id","TimetableId","ServiceInstanceId") VALUES (52,4,44);
INSERT INTO "ConnectTtSi" ("Id","TimetableId","ServiceInstanceId") VALUES (53,5,33);
INSERT INTO "ConnectTtSi" ("Id","TimetableId","ServiceInstanceId") VALUES (54,5,34);
INSERT INTO "ConnectTtSi" ("Id","TimetableId","ServiceInstanceId") VALUES (55,5,35);
INSERT INTO "ConnectTtSi" ("Id","TimetableId","ServiceInstanceId") VALUES (56,5,36);
INSERT INTO "ConnectTtSi" ("Id","TimetableId","ServiceInstanceId") VALUES (57,5,37);
INSERT INTO "ConnectTtSi" ("Id","TimetableId","ServiceInstanceId") VALUES (58,5,38);
INSERT INTO "ConnectTtSi" ("Id","TimetableId","ServiceInstanceId") VALUES (59,5,39);
INSERT INTO "ConnectTtSi" ("Id","TimetableId","ServiceInstanceId") VALUES (60,5,40);
INSERT INTO "ConnectTtSi" ("Id","TimetableId","ServiceInstanceId") VALUES (61,5,41);
INSERT INTO "ConnectTtSi" ("Id","TimetableId","ServiceInstanceId") VALUES (62,5,42);
INSERT INTO "ConnectTtSi" ("Id","TimetableId","ServiceInstanceId") VALUES (63,5,43);
INSERT INTO "ConnectTtSi" ("Id","TimetableId","ServiceInstanceId") VALUES (64,5,44);
INSERT INTO "ConnectTtSi" ("Id","TimetableId","ServiceInstanceId") VALUES (65,6,35);
INSERT INTO "ConnectTtSi" ("Id","TimetableId","ServiceInstanceId") VALUES (66,7,1);
INSERT INTO "ConnectTtSi" ("Id","TimetableId","ServiceInstanceId") VALUES (67,7,2);
INSERT INTO "ConnectTtSi" ("Id","TimetableId","ServiceInstanceId") VALUES (68,7,3);
INSERT INTO "ConnectTtSi" ("Id","TimetableId","ServiceInstanceId") VALUES (69,7,4);
INSERT INTO "ConnectTtSi" ("Id","TimetableId","ServiceInstanceId") VALUES (70,7,5);
INSERT INTO "ConnectTtSi" ("Id","TimetableId","ServiceInstanceId") VALUES (71,7,6);
INSERT INTO "ConnectTtSi" ("Id","TimetableId","ServiceInstanceId") VALUES (72,7,7);
INSERT INTO "ConnectTtSi" ("Id","TimetableId","ServiceInstanceId") VALUES (73,7,8);
INSERT INTO "ConnectTtSi" ("Id","TimetableId","ServiceInstanceId") VALUES (74,7,9);
INSERT INTO "ConnectTtSi" ("Id","TimetableId","ServiceInstanceId") VALUES (75,7,10);
INSERT INTO "ConnectTtSi" ("Id","TimetableId","ServiceInstanceId") VALUES (76,7,11);
INSERT INTO "ConnectTtSi" ("Id","TimetableId","ServiceInstanceId") VALUES (77,7,12);
INSERT INTO "ConnectTtSi" ("Id","TimetableId","ServiceInstanceId") VALUES (78,7,13);
INSERT INTO "ConnectTtSi" ("Id","TimetableId","ServiceInstanceId") VALUES (79,7,14);
INSERT INTO "ConnectTtSi" ("Id","TimetableId","ServiceInstanceId") VALUES (80,7,15);
INSERT INTO "ConnectTtSi" ("Id","TimetableId","ServiceInstanceId") VALUES (81,7,16);
INSERT INTO "ConnectTtSi" ("Id","TimetableId","ServiceInstanceId") VALUES (82,7,17);
INSERT INTO "ConnectTtSi" ("Id","TimetableId","ServiceInstanceId") VALUES (83,7,18);
INSERT INTO "ConnectTtSi" ("Id","TimetableId","ServiceInstanceId") VALUES (84,7,19);
INSERT INTO "ConnectTtSi" ("Id","TimetableId","ServiceInstanceId") VALUES (85,7,20);
INSERT INTO "ConnectTtSi" ("Id","TimetableId","ServiceInstanceId") VALUES (86,7,21);
INSERT INTO "ConnectTtSi" ("Id","TimetableId","ServiceInstanceId") VALUES (87,7,22);
INSERT INTO "ConnectTtSi" ("Id","TimetableId","ServiceInstanceId") VALUES (88,7,23);
INSERT INTO "ConnectTtSi" ("Id","TimetableId","ServiceInstanceId") VALUES (89,7,24);
INSERT INTO "ConnectTtSi" ("Id","TimetableId","ServiceInstanceId") VALUES (90,7,25);
INSERT INTO "ConnectTtSi" ("Id","TimetableId","ServiceInstanceId") VALUES (91,7,26);
INSERT INTO "ConnectTtSi" ("Id","TimetableId","ServiceInstanceId") VALUES (92,7,27);
INSERT INTO "ConnectTtSi" ("Id","TimetableId","ServiceInstanceId") VALUES (93,7,28);
INSERT INTO "ConnectTtSi" ("Id","TimetableId","ServiceInstanceId") VALUES (94,7,29);
INSERT INTO "ConnectTtSi" ("Id","TimetableId","ServiceInstanceId") VALUES (95,7,30);
INSERT INTO "ConnectTtSi" ("Id","TimetableId","ServiceInstanceId") VALUES (96,7,31);
INSERT INTO "ConnectTtSi" ("Id","TimetableId","ServiceInstanceId") VALUES (97,7,32);
INSERT INTO "ConnectTtSi" ("Id","TimetableId","ServiceInstanceId") VALUES (130,8,45);
INSERT INTO "ConnectTtSi" ("Id","TimetableId","ServiceInstanceId") VALUES (131,8,46);
INSERT INTO "ConnectTtSi" ("Id","TimetableId","ServiceInstanceId") VALUES (132,8,47);
INSERT INTO "ConnectTtSi" ("Id","TimetableId","ServiceInstanceId") VALUES (133,8,48);
INSERT INTO "ConnectTtSi" ("Id","TimetableId","ServiceInstanceId") VALUES (134,8,49);
INSERT INTO "ConnectTtSi" ("Id","TimetableId","ServiceInstanceId") VALUES (135,8,50);
INSERT INTO "ConnectTtSi" ("Id","TimetableId","ServiceInstanceId") VALUES (136,8,51);
INSERT INTO "ConnectTtSi" ("Id","TimetableId","ServiceInstanceId") VALUES (137,8,52);
INSERT INTO "ConnectTtSi" ("Id","TimetableId","ServiceInstanceId") VALUES (138,8,53);
INSERT INTO "ConnectTtSi" ("Id","TimetableId","ServiceInstanceId") VALUES (139,8,54);
INSERT INTO "ConnectTtSi" ("Id","TimetableId","ServiceInstanceId") VALUES (140,8,55);
INSERT INTO "ConnectTtSi" ("Id","TimetableId","ServiceInstanceId") VALUES (141,8,56);
INSERT INTO "ConnectTtSi" ("Id","TimetableId","ServiceInstanceId") VALUES (142,8,57);
INSERT INTO "ConnectTtSi" ("Id","TimetableId","ServiceInstanceId") VALUES (143,8,58);
INSERT INTO "ConnectTtSi" ("Id","TimetableId","ServiceInstanceId") VALUES (144,8,59);
INSERT INTO "ConnectTtSi" ("Id","TimetableId","ServiceInstanceId") VALUES (145,8,60);
INSERT INTO "ConnectTtSi" ("Id","TimetableId","ServiceInstanceId") VALUES (146,8,61);
INSERT INTO "ConnectTtSi" ("Id","TimetableId","ServiceInstanceId") VALUES (147,8,62);
INSERT INTO "ConnectTtSi" ("Id","TimetableId","ServiceInstanceId") VALUES (148,8,63);
INSERT INTO "ConnectTtSi" ("Id","TimetableId","ServiceInstanceId") VALUES (149,8,64);
INSERT INTO "ConnectTtSi" ("Id","TimetableId","ServiceInstanceId") VALUES (150,8,65);
INSERT INTO "ConnectTtSi" ("Id","TimetableId","ServiceInstanceId") VALUES (151,8,66);
INSERT INTO "ConnectTtSi" ("Id","TimetableId","ServiceInstanceId") VALUES (152,8,67);
INSERT INTO "ConnectTtSi" ("Id","TimetableId","ServiceInstanceId") VALUES (153,8,68);
INSERT INTO "ConnectTtSi" ("Id","TimetableId","ServiceInstanceId") VALUES (154,8,69);
INSERT INTO "ConnectTtSi" ("Id","TimetableId","ServiceInstanceId") VALUES (155,8,70);
INSERT INTO "ConnectTtSi" ("Id","TimetableId","ServiceInstanceId") VALUES (156,8,71);
INSERT INTO "ConnectTtSi" ("Id","TimetableId","ServiceInstanceId") VALUES (157,8,72);
INSERT INTO "ConnectTtSi" ("Id","TimetableId","ServiceInstanceId") VALUES (158,8,73);
INSERT INTO "ConnectTtSi" ("Id","TimetableId","ServiceInstanceId") VALUES (159,8,74);
INSERT INTO "ConnectTtSi" ("Id","TimetableId","ServiceInstanceId") VALUES (160,8,75);
INSERT INTO "ConnectTtSi" ("Id","TimetableId","ServiceInstanceId") VALUES (161,8,76);
INSERT INTO "ConnectTtSi" ("Id","TimetableId","ServiceInstanceId") VALUES (162,8,77);
INSERT INTO "ConnectTtSi" ("Id","TimetableId","ServiceInstanceId") VALUES (163,8,78);
INSERT INTO "ConnectTtSi" ("Id","TimetableId","ServiceInstanceId") VALUES (164,8,79);
INSERT INTO "ConnectTtSi" ("Id","TimetableId","ServiceInstanceId") VALUES (166,9,81);
INSERT INTO "ConnectTtSi" ("Id","TimetableId","ServiceInstanceId") VALUES (167,9,82);
INSERT INTO "ConnectTtSi" ("Id","TimetableId","ServiceInstanceId") VALUES (168,9,83);
INSERT INTO "ConnectTtSi" ("Id","TimetableId","ServiceInstanceId") VALUES (169,9,84);
INSERT INTO "ConnectTtSi" ("Id","TimetableId","ServiceInstanceId") VALUES (170,9,85);
INSERT INTO "ConnectTtSi" ("Id","TimetableId","ServiceInstanceId") VALUES (171,9,86);
INSERT INTO "ConnectTtSi" ("Id","TimetableId","ServiceInstanceId") VALUES (172,9,87);
INSERT INTO "ConnectTtSi" ("Id","TimetableId","ServiceInstanceId") VALUES (173,9,88);
INSERT INTO "ConnectTtSi" ("Id","TimetableId","ServiceInstanceId") VALUES (174,9,89);
INSERT INTO "ConnectTtSi" ("Id","TimetableId","ServiceInstanceId") VALUES (175,9,90);
INSERT INTO "ConnectTtSi" ("Id","TimetableId","ServiceInstanceId") VALUES (176,9,91);
INSERT INTO "ConnectTtSi" ("Id","TimetableId","ServiceInstanceId") VALUES (177,9,92);
INSERT INTO "ConnectTtSi" ("Id","TimetableId","ServiceInstanceId") VALUES (178,9,93);
INSERT INTO "ConnectTtSi" ("Id","TimetableId","ServiceInstanceId") VALUES (179,9,94);
INSERT INTO "ConnectTtSi" ("Id","TimetableId","ServiceInstanceId") VALUES (180,9,95);
INSERT INTO "ConnectTtSi" ("Id","TimetableId","ServiceInstanceId") VALUES (181,9,96);
INSERT INTO "ConnectTtSi" ("Id","TimetableId","ServiceInstanceId") VALUES (182,9,97);
INSERT INTO "ConnectTtSi" ("Id","TimetableId","ServiceInstanceId") VALUES (183,9,98);
INSERT INTO "ConnectTtSi" ("Id","TimetableId","ServiceInstanceId") VALUES (184,9,99);
INSERT INTO "ConnectTtSi" ("Id","TimetableId","ServiceInstanceId") VALUES (185,9,100);
INSERT INTO "ConnectTtSi" ("Id","TimetableId","ServiceInstanceId") VALUES (186,9,101);
INSERT INTO "ConnectTtSi" ("Id","TimetableId","ServiceInstanceId") VALUES (187,9,102);
INSERT INTO "ConnectTtSi" ("Id","TimetableId","ServiceInstanceId") VALUES (188,9,103);
INSERT INTO "ConnectTtSi" ("Id","TimetableId","ServiceInstanceId") VALUES (189,9,104);
INSERT INTO "ConnectTtSi" ("Id","TimetableId","ServiceInstanceId") VALUES (190,9,105);
INSERT INTO "ConnectTtSi" ("Id","TimetableId","ServiceInstanceId") VALUES (191,9,106);
INSERT INTO "ConnectTtSi" ("Id","TimetableId","ServiceInstanceId") VALUES (192,9,107);
INSERT INTO "ConnectTtSi" ("Id","TimetableId","ServiceInstanceId") VALUES (193,9,108);
INSERT INTO "ConnectTtSi" ("Id","TimetableId","ServiceInstanceId") VALUES (194,9,109);
INSERT INTO "ConnectTtSi" ("Id","TimetableId","ServiceInstanceId") VALUES (195,9,110);
INSERT INTO "ConnectTtSi" ("Id","TimetableId","ServiceInstanceId") VALUES (196,9,111);
INSERT INTO "ConnectTtSi" ("Id","TimetableId","ServiceInstanceId") VALUES (197,9,112);
INSERT INTO "ConnectTtSi" ("Id","TimetableId","ServiceInstanceId") VALUES (198,9,113);
INSERT INTO "ConnectTtSi" ("Id","TimetableId","ServiceInstanceId") VALUES (199,9,114);
INSERT INTO "ConnectTtSi" ("Id","TimetableId","ServiceInstanceId") VALUES (200,9,115);
INSERT INTO "ConnectTtSi" ("Id","TimetableId","ServiceInstanceId") VALUES (201,9,116);
INSERT INTO "ConnectTtSi" ("Id","TimetableId","ServiceInstanceId") VALUES (202,9,117);
INSERT INTO "ConnectTtSi" ("Id","TimetableId","ServiceInstanceId") VALUES (203,9,118);
INSERT INTO "ConnectTtSi" ("Id","TimetableId","ServiceInstanceId") VALUES (204,9,119);
INSERT INTO "ConnectTtSi" ("Id","TimetableId","ServiceInstanceId") VALUES (205,9,120);
INSERT INTO "ConnectTtSi" ("Id","TimetableId","ServiceInstanceId") VALUES (206,10,45);
INSERT INTO "ConnectTtSi" ("Id","TimetableId","ServiceInstanceId") VALUES (207,10,46);
INSERT INTO "ConnectTtSi" ("Id","TimetableId","ServiceInstanceId") VALUES (208,10,47);
INSERT INTO "ConnectTtSi" ("Id","TimetableId","ServiceInstanceId") VALUES (209,10,48);
INSERT INTO "ConnectTtSi" ("Id","TimetableId","ServiceInstanceId") VALUES (210,10,49);
INSERT INTO "ConnectTtSi" ("Id","TimetableId","ServiceInstanceId") VALUES (211,10,50);
INSERT INTO "ConnectTtSi" ("Id","TimetableId","ServiceInstanceId") VALUES (212,10,51);
INSERT INTO "ConnectTtSi" ("Id","TimetableId","ServiceInstanceId") VALUES (213,10,52);
INSERT INTO "ConnectTtSi" ("Id","TimetableId","ServiceInstanceId") VALUES (214,10,53);
INSERT INTO "ConnectTtSi" ("Id","TimetableId","ServiceInstanceId") VALUES (215,10,54);
INSERT INTO "ConnectTtSi" ("Id","TimetableId","ServiceInstanceId") VALUES (216,10,55);
INSERT INTO "ConnectTtSi" ("Id","TimetableId","ServiceInstanceId") VALUES (217,10,56);
INSERT INTO "ConnectTtSi" ("Id","TimetableId","ServiceInstanceId") VALUES (218,10,57);
INSERT INTO "ConnectTtSi" ("Id","TimetableId","ServiceInstanceId") VALUES (219,10,58);
INSERT INTO "ConnectTtSi" ("Id","TimetableId","ServiceInstanceId") VALUES (220,10,59);
INSERT INTO "ConnectTtSi" ("Id","TimetableId","ServiceInstanceId") VALUES (221,10,60);
INSERT INTO "ConnectTtSi" ("Id","TimetableId","ServiceInstanceId") VALUES (222,10,61);
INSERT INTO "ConnectTtSi" ("Id","TimetableId","ServiceInstanceId") VALUES (223,10,62);
INSERT INTO "ConnectTtSi" ("Id","TimetableId","ServiceInstanceId") VALUES (224,10,63);
INSERT INTO "ConnectTtSi" ("Id","TimetableId","ServiceInstanceId") VALUES (225,10,64);
INSERT INTO "ConnectTtSi" ("Id","TimetableId","ServiceInstanceId") VALUES (226,10,65);
INSERT INTO "ConnectTtSi" ("Id","TimetableId","ServiceInstanceId") VALUES (227,10,66);
INSERT INTO "ConnectTtSi" ("Id","TimetableId","ServiceInstanceId") VALUES (228,10,67);
INSERT INTO "ConnectTtSi" ("Id","TimetableId","ServiceInstanceId") VALUES (229,10,68);
INSERT INTO "ConnectTtSi" ("Id","TimetableId","ServiceInstanceId") VALUES (230,10,69);
INSERT INTO "ConnectTtSi" ("Id","TimetableId","ServiceInstanceId") VALUES (231,10,70);
INSERT INTO "ConnectTtSi" ("Id","TimetableId","ServiceInstanceId") VALUES (232,10,71);
INSERT INTO "ConnectTtSi" ("Id","TimetableId","ServiceInstanceId") VALUES (233,10,72);
INSERT INTO "ConnectTtSi" ("Id","TimetableId","ServiceInstanceId") VALUES (234,10,73);
INSERT INTO "ConnectTtSi" ("Id","TimetableId","ServiceInstanceId") VALUES (235,10,74);
INSERT INTO "ConnectTtSi" ("Id","TimetableId","ServiceInstanceId") VALUES (236,10,75);
INSERT INTO "ConnectTtSi" ("Id","TimetableId","ServiceInstanceId") VALUES (237,10,76);
INSERT INTO "ConnectTtSi" ("Id","TimetableId","ServiceInstanceId") VALUES (238,10,77);
INSERT INTO "ConnectTtSi" ("Id","TimetableId","ServiceInstanceId") VALUES (239,10,78);
INSERT INTO "ConnectTtSi" ("Id","TimetableId","ServiceInstanceId") VALUES (240,10,79);
INSERT INTO "ConnectTtSi" ("Id","TimetableId","ServiceInstanceId") VALUES (241,10,80);
INSERT INTO "ConnectTtSi" ("Id","TimetableId","ServiceInstanceId") VALUES (242,10,81);
INSERT INTO "ConnectTtSi" ("Id","TimetableId","ServiceInstanceId") VALUES (243,10,82);
INSERT INTO "ConnectTtSi" ("Id","TimetableId","ServiceInstanceId") VALUES (244,10,83);
INSERT INTO "ConnectTtSi" ("Id","TimetableId","ServiceInstanceId") VALUES (245,10,84);
INSERT INTO "ConnectTtSi" ("Id","TimetableId","ServiceInstanceId") VALUES (246,10,85);
INSERT INTO "ConnectTtSi" ("Id","TimetableId","ServiceInstanceId") VALUES (247,10,86);
INSERT INTO "ConnectTtSi" ("Id","TimetableId","ServiceInstanceId") VALUES (248,10,87);
INSERT INTO "ConnectTtSi" ("Id","TimetableId","ServiceInstanceId") VALUES (249,10,88);
INSERT INTO "ConnectTtSi" ("Id","TimetableId","ServiceInstanceId") VALUES (250,10,89);
INSERT INTO "ConnectTtSi" ("Id","TimetableId","ServiceInstanceId") VALUES (251,10,90);
INSERT INTO "ConnectTtSi" ("Id","TimetableId","ServiceInstanceId") VALUES (252,10,91);
INSERT INTO "ConnectTtSi" ("Id","TimetableId","ServiceInstanceId") VALUES (253,10,92);
INSERT INTO "ConnectTtSi" ("Id","TimetableId","ServiceInstanceId") VALUES (254,10,93);
INSERT INTO "ConnectTtSi" ("Id","TimetableId","ServiceInstanceId") VALUES (255,10,94);
INSERT INTO "ConnectTtSi" ("Id","TimetableId","ServiceInstanceId") VALUES (256,10,95);
INSERT INTO "ConnectTtSi" ("Id","TimetableId","ServiceInstanceId") VALUES (257,10,96);
INSERT INTO "ConnectTtSi" ("Id","TimetableId","ServiceInstanceId") VALUES (258,10,97);
INSERT INTO "ConnectTtSi" ("Id","TimetableId","ServiceInstanceId") VALUES (259,10,98);
INSERT INTO "ConnectTtSi" ("Id","TimetableId","ServiceInstanceId") VALUES (260,10,99);
INSERT INTO "ConnectTtSi" ("Id","TimetableId","ServiceInstanceId") VALUES (261,10,100);
INSERT INTO "ConnectTtSi" ("Id","TimetableId","ServiceInstanceId") VALUES (262,10,101);
INSERT INTO "ConnectTtSi" ("Id","TimetableId","ServiceInstanceId") VALUES (263,10,102);
INSERT INTO "ConnectTtSi" ("Id","TimetableId","ServiceInstanceId") VALUES (264,10,103);
INSERT INTO "ConnectTtSi" ("Id","TimetableId","ServiceInstanceId") VALUES (265,10,104);
INSERT INTO "ConnectTtSi" ("Id","TimetableId","ServiceInstanceId") VALUES (266,10,105);
INSERT INTO "ConnectTtSi" ("Id","TimetableId","ServiceInstanceId") VALUES (267,10,106);
INSERT INTO "ConnectTtSi" ("Id","TimetableId","ServiceInstanceId") VALUES (268,10,107);
INSERT INTO "ConnectTtSi" ("Id","TimetableId","ServiceInstanceId") VALUES (269,10,108);
INSERT INTO "ConnectTtSi" ("Id","TimetableId","ServiceInstanceId") VALUES (270,10,109);
INSERT INTO "ConnectTtSi" ("Id","TimetableId","ServiceInstanceId") VALUES (271,10,110);
INSERT INTO "ConnectTtSi" ("Id","TimetableId","ServiceInstanceId") VALUES (272,10,111);
INSERT INTO "ConnectTtSi" ("Id","TimetableId","ServiceInstanceId") VALUES (273,10,112);
INSERT INTO "ConnectTtSi" ("Id","TimetableId","ServiceInstanceId") VALUES (274,10,113);
INSERT INTO "ConnectTtSi" ("Id","TimetableId","ServiceInstanceId") VALUES (275,10,114);
INSERT INTO "ConnectTtSi" ("Id","TimetableId","ServiceInstanceId") VALUES (276,10,115);
INSERT INTO "ConnectTtSi" ("Id","TimetableId","ServiceInstanceId") VALUES (277,10,116);
INSERT INTO "ConnectTtSi" ("Id","TimetableId","ServiceInstanceId") VALUES (278,10,117);
INSERT INTO "ConnectTtSi" ("Id","TimetableId","ServiceInstanceId") VALUES (279,10,118);
INSERT INTO "ConnectTtSi" ("Id","TimetableId","ServiceInstanceId") VALUES (280,10,119);
INSERT INTO "ConnectTtSi" ("Id","TimetableId","ServiceInstanceId") VALUES (281,10,120);
INSERT INTO "ConnectTtSi" ("Id","TimetableId","ServiceInstanceId") VALUES (282,8,80);
INSERT INTO "ServiceInstances" ("Id","ServiceInstanceName","ServiceInstanceAbbreviation","StartTime","EndTime","ServiceId") VALUES (1,'Q249 Autorack','Q249',25,110,1);
INSERT INTO "ServiceInstances" ("Id","ServiceInstanceName","ServiceInstanceAbbreviation","StartTime","EndTime","ServiceId") VALUES (2,'Q355 Manifest','Q355',56,148,2);
INSERT INTO "ServiceInstances" ("Id","ServiceInstanceName","ServiceInstanceAbbreviation","StartTime","EndTime","ServiceId") VALUES (3,'Q015 Intermodal','Q015',93,177,3);
INSERT INTO "ServiceInstances" ("Id","ServiceInstanceName","ServiceInstanceAbbreviation","StartTime","EndTime","ServiceId") VALUES (4,'Q130 Intermodal','Q130',476,560,4);
INSERT INTO "ServiceInstances" ("Id","ServiceInstanceName","ServiceInstanceAbbreviation","StartTime","EndTime","ServiceId") VALUES (5,'Q353 Manifest','Q353',513,604,5);
INSERT INTO "ServiceInstances" ("Id","ServiceInstanceName","ServiceInstanceAbbreviation","StartTime","EndTime","ServiceId") VALUES (6,'Q217 Autorack','Q217',524,620,6);
INSERT INTO "ServiceInstances" ("Id","ServiceInstanceName","ServiceInstanceAbbreviation","StartTime","EndTime","ServiceId") VALUES (7,'K145 Oil','K145',576,657,7);
INSERT INTO "ServiceInstances" ("Id","ServiceInstanceName","ServiceInstanceAbbreviation","StartTime","EndTime","ServiceId") VALUES (8,'Q640 Manifest','Q640',713,881,8);
INSERT INTO "ServiceInstances" ("Id","ServiceInstanceName","ServiceInstanceAbbreviation","StartTime","EndTime","ServiceId") VALUES (9,'Q261 Autorack','Q261',735,820,1);
INSERT INTO "ServiceInstances" ("Id","ServiceInstanceName","ServiceInstanceAbbreviation","StartTime","EndTime","ServiceId") VALUES (10,'Q115 Intermodal','Q115',767,851,9);
INSERT INTO "ServiceInstances" ("Id","ServiceInstanceName","ServiceInstanceAbbreviation","StartTime","EndTime","ServiceId") VALUES (11,'U876-A Empty coal','U876-A',872,956,10);
INSERT INTO "ServiceInstances" ("Id","ServiceInstanceName","ServiceInstanceAbbreviation","StartTime","EndTime","ServiceId") VALUES (12,'Q137 Intermodal','Q137',965,1052,11);
INSERT INTO "ServiceInstances" ("Id","ServiceInstanceName","ServiceInstanceAbbreviation","StartTime","EndTime","ServiceId") VALUES (13,'X790 Light engine','Z790',1017,1095,12);
INSERT INTO "ServiceInstances" ("Id","ServiceInstanceName","ServiceInstanceAbbreviation","StartTime","EndTime","ServiceId") VALUES (14,'Q359 Manifest','Q359',1050,1130,13);
INSERT INTO "ServiceInstances" ("Id","ServiceInstanceName","ServiceInstanceAbbreviation","StartTime","EndTime","ServiceId") VALUES (15,'K143 Oil','K143',1076,1157,14);
INSERT INTO "ServiceInstances" ("Id","ServiceInstanceName","ServiceInstanceAbbreviation","StartTime","EndTime","ServiceId") VALUES (16,'Q250 Autorack','Q250',1101,1186,1);
INSERT INTO "ServiceInstances" ("Id","ServiceInstanceName","ServiceInstanceAbbreviation","StartTime","EndTime","ServiceId") VALUES (17,'Q375 Manifest','Q375',1150,1232,5);
INSERT INTO "ServiceInstances" ("Id","ServiceInstanceName","ServiceInstanceAbbreviation","StartTime","EndTime","ServiceId") VALUES (18,'K557 Manifest','K557',1250,1335,15);
INSERT INTO "ServiceInstances" ("Id","ServiceInstanceName","ServiceInstanceAbbreviation","StartTime","EndTime","ServiceId") VALUES (19,'Q358 Manifest','Q358',51,129,16);
INSERT INTO "ServiceInstances" ("Id","ServiceInstanceName","ServiceInstanceAbbreviation","StartTime","EndTime","ServiceId") VALUES (20,'Q352 Manifest','Q352',417,495,17);
INSERT INTO "ServiceInstances" ("Id","ServiceInstanceName","ServiceInstanceAbbreviation","StartTime","EndTime","ServiceId") VALUES (21,'N536 Coal','N536',490,569,18);
INSERT INTO "ServiceInstances" ("Id","ServiceInstanceName","ServiceInstanceAbbreviation","StartTime","EndTime","ServiceId") VALUES (22,'Q276 Autorack','Q276',522,601,19);
INSERT INTO "ServiceInstances" ("Id","ServiceInstanceName","ServiceInstanceAbbreviation","StartTime","EndTime","ServiceId") VALUES (23,'Q008  Intermodal','Q008',573,652,20);
INSERT INTO "ServiceInstances" ("Id","ServiceInstanceName","ServiceInstanceAbbreviation","StartTime","EndTime","ServiceId") VALUES (24,'Q116 Intermodal','Q116',812,891,21);
INSERT INTO "ServiceInstances" ("Id","ServiceInstanceName","ServiceInstanceAbbreviation","StartTime","EndTime","ServiceId") VALUES (25,'Q226 Autorack','Q226',838,919,22);
INSERT INTO "ServiceInstances" ("Id","ServiceInstanceName","ServiceInstanceAbbreviation","StartTime","EndTime","ServiceId") VALUES (26,'I368 Manifest','I368',927,1016,23);
INSERT INTO "ServiceInstances" ("Id","ServiceInstanceName","ServiceInstanceAbbreviation","StartTime","EndTime","ServiceId") VALUES (27,'Q368 Manifest','Q368',1007,1088,23);
INSERT INTO "ServiceInstances" ("Id","ServiceInstanceName","ServiceInstanceAbbreviation","StartTime","EndTime","ServiceId") VALUES (28,'U876-C Coal','U876-C',1020,1037,24);
INSERT INTO "ServiceInstances" ("Id","ServiceInstanceName","ServiceInstanceAbbreviation","StartTime","EndTime","ServiceId") VALUES (29,'U876-D Coal','U876-D',1050,1123,25);
INSERT INTO "ServiceInstances" ("Id","ServiceInstanceName","ServiceInstanceAbbreviation","StartTime","EndTime","ServiceId") VALUES (30,'Q138 Intermodal','Q138',1058,1137,26);
INSERT INTO "ServiceInstances" ("Id","ServiceInstanceName","ServiceInstanceAbbreviation","StartTime","EndTime","ServiceId") VALUES (31,'Q394 Manifest','Q394',1141,1218,27);
INSERT INTO "ServiceInstances" ("Id","ServiceInstanceName","ServiceInstanceAbbreviation","StartTime","EndTime","ServiceId") VALUES (32,'Q016 Intermodal','Q016',1325,1404,21);
INSERT INTO "ServiceInstances" ("Id","ServiceInstanceName","ServiceInstanceAbbreviation","StartTime","EndTime","ServiceId") VALUES (33,'West 1 diesel','W1D',615,699,28);
INSERT INTO "ServiceInstances" ("Id","ServiceInstanceName","ServiceInstanceAbbreviation","StartTime","EndTime","ServiceId") VALUES (34,'West 2 shunter','W2S',645,748,29);
INSERT INTO "ServiceInstances" ("Id","ServiceInstanceName","ServiceInstanceAbbreviation","StartTime","EndTime","ServiceId") VALUES (35,'West 3 diesel','W3D',735,833,30);
INSERT INTO "ServiceInstances" ("Id","ServiceInstanceName","ServiceInstanceAbbreviation","StartTime","EndTime","ServiceId") VALUES (36,'West 5 shunter','W5S',910,984,31);
INSERT INTO "ServiceInstances" ("Id","ServiceInstanceName","ServiceInstanceAbbreviation","StartTime","EndTime","ServiceId") VALUES (37,'West 4 diesel','W4D',855,939,28);
INSERT INTO "ServiceInstances" ("Id","ServiceInstanceName","ServiceInstanceAbbreviation","StartTime","EndTime","ServiceId") VALUES (38,'West 6 diesel','W6D',975,1065,32);
INSERT INTO "ServiceInstances" ("Id","ServiceInstanceName","ServiceInstanceAbbreviation","StartTime","EndTime","ServiceId") VALUES (39,'East 1 diesel','E1D',615,702,33);
INSERT INTO "ServiceInstances" ("Id","ServiceInstanceName","ServiceInstanceAbbreviation","StartTime","EndTime","ServiceId") VALUES (40,'East 2 diesel','E2D',750,825,34);
INSERT INTO "ServiceInstances" ("Id","ServiceInstanceName","ServiceInstanceAbbreviation","StartTime","EndTime","ServiceId") VALUES (41,'East 3 shunter','E3S',800,879,35);
INSERT INTO "ServiceInstances" ("Id","ServiceInstanceName","ServiceInstanceAbbreviation","StartTime","EndTime","ServiceId") VALUES (42,'East 4 diesel','E4D',855,937,36);
INSERT INTO "ServiceInstances" ("Id","ServiceInstanceName","ServiceInstanceAbbreviation","StartTime","EndTime","ServiceId") VALUES (43,'East 5 diesel','E5D',984,1056,37);
INSERT INTO "ServiceInstances" ("Id","ServiceInstanceName","ServiceInstanceAbbreviation","StartTime","EndTime","ServiceId") VALUES (44,'East 6 shunter','E6S',1035,1128,38);
INSERT INTO "ServiceInstances" ("Id","ServiceInstanceName","ServiceInstanceAbbreviation","StartTime","EndTime","ServiceId") VALUES (45,'RB91S01','RB91S01',340,394,40);
INSERT INTO "ServiceInstances" ("Id","ServiceInstanceName","ServiceInstanceAbbreviation","StartTime","EndTime","ServiceId") VALUES (46,'RB91S2','RB91S2',400,454,40);
INSERT INTO "ServiceInstances" ("Id","ServiceInstanceName","ServiceInstanceAbbreviation","StartTime","EndTime","ServiceId") VALUES (47,'RB91S3','RB91S3',495,549,40);
INSERT INTO "ServiceInstances" ("Id","ServiceInstanceName","ServiceInstanceAbbreviation","StartTime","EndTime","ServiceId") VALUES (48,'RB91S4','RB91S4',520,574,40);
INSERT INTO "ServiceInstances" ("Id","ServiceInstanceName","ServiceInstanceAbbreviation","StartTime","EndTime","ServiceId") VALUES (49,'RB91S5','RB91S5',580,634,40);
INSERT INTO "ServiceInstances" ("Id","ServiceInstanceName","ServiceInstanceAbbreviation","StartTime","EndTime","ServiceId") VALUES (50,'RB91S6','RB91S6',640,694,40);
INSERT INTO "ServiceInstances" ("Id","ServiceInstanceName","ServiceInstanceAbbreviation","StartTime","EndTime","ServiceId") VALUES (51,'RB91S7','RB91S7',735,789,40);
INSERT INTO "ServiceInstances" ("Id","ServiceInstanceName","ServiceInstanceAbbreviation","StartTime","EndTime","ServiceId") VALUES (52,'RB91S8','RB91S8',760,814,40);
INSERT INTO "ServiceInstances" ("Id","ServiceInstanceName","ServiceInstanceAbbreviation","StartTime","EndTime","ServiceId") VALUES (53,'RB91S9','RB91S9',820,874,40);
INSERT INTO "ServiceInstances" ("Id","ServiceInstanceName","ServiceInstanceAbbreviation","StartTime","EndTime","ServiceId") VALUES (54,'RB91S10','RB91S10',880,936,40);
INSERT INTO "ServiceInstances" ("Id","ServiceInstanceName","ServiceInstanceAbbreviation","StartTime","EndTime","ServiceId") VALUES (55,'RB91S11','RB91S11',975,1029,40);
INSERT INTO "ServiceInstances" ("Id","ServiceInstanceName","ServiceInstanceAbbreviation","StartTime","EndTime","ServiceId") VALUES (56,'RB91S12','RB91S12',1000,1054,40);
INSERT INTO "ServiceInstances" ("Id","ServiceInstanceName","ServiceInstanceAbbreviation","StartTime","EndTime","ServiceId") VALUES (57,'RB91S13','RB91S13',1060,1114,40);
INSERT INTO "ServiceInstances" ("Id","ServiceInstanceName","ServiceInstanceAbbreviation","StartTime","EndTime","ServiceId") VALUES (58,'RB91SS14','RB91SS14',1120,1174,40);
INSERT INTO "ServiceInstances" ("Id","ServiceInstanceName","ServiceInstanceAbbreviation","StartTime","EndTime","ServiceId") VALUES (59,'RB91S15','RB91S15',1215,1269,40);
INSERT INTO "ServiceInstances" ("Id","ServiceInstanceName","ServiceInstanceAbbreviation","StartTime","EndTime","ServiceId") VALUES (60,'RB91S16','RB91S16',1245,1299,40);
INSERT INTO "ServiceInstances" ("Id","ServiceInstanceName","ServiceInstanceAbbreviation","StartTime","EndTime","ServiceId") VALUES (61,'RB56S1','RB56S1',546,563,39);
INSERT INTO "ServiceInstances" ("Id","ServiceInstanceName","ServiceInstanceAbbreviation","StartTime","EndTime","ServiceId") VALUES (62,'RB56S2','RB56S2',930,947,39);
INSERT INTO "ServiceInstances" ("Id","ServiceInstanceName","ServiceInstanceAbbreviation","StartTime","EndTime","ServiceId") VALUES (63,'RB56S3','RB56S3',1110,1127,39);
INSERT INTO "ServiceInstances" ("Id","ServiceInstanceName","ServiceInstanceAbbreviation","StartTime","EndTime","ServiceId") VALUES (64,'RE16S01','RE16S01',370,421,41);
INSERT INTO "ServiceInstances" ("Id","ServiceInstanceName","ServiceInstanceAbbreviation","StartTime","EndTime","ServiceId") VALUES (65,'RE16S02','RE16S02',435,486,41);
INSERT INTO "ServiceInstances" ("Id","ServiceInstanceName","ServiceInstanceAbbreviation","StartTime","EndTime","ServiceId") VALUES (66,'RE16S03','RE16S03',460,511,41);
INSERT INTO "ServiceInstances" ("Id","ServiceInstanceName","ServiceInstanceAbbreviation","StartTime","EndTime","ServiceId") VALUES (67,'RE16S04','RE16S04',555,606,41);
INSERT INTO "ServiceInstances" ("Id","ServiceInstanceName","ServiceInstanceAbbreviation","StartTime","EndTime","ServiceId") VALUES (68,'RE16S05','RE16S05',615,666,41);
INSERT INTO "ServiceInstances" ("Id","ServiceInstanceName","ServiceInstanceAbbreviation","StartTime","EndTime","ServiceId") VALUES (69,'RE16S06','RE16S06',675,726,41);
INSERT INTO "ServiceInstances" ("Id","ServiceInstanceName","ServiceInstanceAbbreviation","StartTime","EndTime","ServiceId") VALUES (70,'RE16S07','RE16S07',700,751,41);
INSERT INTO "ServiceInstances" ("Id","ServiceInstanceName","ServiceInstanceAbbreviation","StartTime","EndTime","ServiceId") VALUES (71,'RE16S08','RE16S08',795,846,41);
INSERT INTO "ServiceInstances" ("Id","ServiceInstanceName","ServiceInstanceAbbreviation","StartTime","EndTime","ServiceId") VALUES (72,'RE16S09','RE16S09',855,906,41);
INSERT INTO "ServiceInstances" ("Id","ServiceInstanceName","ServiceInstanceAbbreviation","StartTime","EndTime","ServiceId") VALUES (73,'RE16S10','RE16S10',915,969,41);
INSERT INTO "ServiceInstances" ("Id","ServiceInstanceName","ServiceInstanceAbbreviation","StartTime","EndTime","ServiceId") VALUES (74,'RE16S11','RE16S11',940,991,41);
INSERT INTO "ServiceInstances" ("Id","ServiceInstanceName","ServiceInstanceAbbreviation","StartTime","EndTime","ServiceId") VALUES (75,'RE16S12','RE16S12',1035,1086,41);
INSERT INTO "ServiceInstances" ("Id","ServiceInstanceName","ServiceInstanceAbbreviation","StartTime","EndTime","ServiceId") VALUES (76,'RE16S13','RE16S13',1095,1146,41);
INSERT INTO "ServiceInstances" ("Id","ServiceInstanceName","ServiceInstanceAbbreviation","StartTime","EndTime","ServiceId") VALUES (77,'RE16S14','RE16S14',1155,1206,41);
INSERT INTO "ServiceInstances" ("Id","ServiceInstanceName","ServiceInstanceAbbreviation","StartTime","EndTime","ServiceId") VALUES (78,'RE16S15','RE16S15',1185,1236,41);
INSERT INTO "ServiceInstances" ("Id","ServiceInstanceName","ServiceInstanceAbbreviation","StartTime","EndTime","ServiceId") VALUES (79,'RE16S16','RE16S16',1275,1326,41);
INSERT INTO "ServiceInstances" ("Id","ServiceInstanceName","ServiceInstanceAbbreviation","StartTime","EndTime","ServiceId") VALUES (80,'RE16S17','RE16S17',1335,1386,41);
INSERT INTO "ServiceInstances" ("Id","ServiceInstanceName","ServiceInstanceAbbreviation","StartTime","EndTime","ServiceId") VALUES (81,'RB56N1','RB56N1',675,691,42);
INSERT INTO "ServiceInstances" ("Id","ServiceInstanceName","ServiceInstanceAbbreviation","StartTime","EndTime","ServiceId") VALUES (82,'RB56N2','RB56N2',855,871,42);
INSERT INTO "ServiceInstances" ("Id","ServiceInstanceName","ServiceInstanceAbbreviation","StartTime","EndTime","ServiceId") VALUES (83,'RB56N3','RB56N3',1035,1051,42);
INSERT INTO "ServiceInstances" ("Id","ServiceInstanceName","ServiceInstanceAbbreviation","StartTime","EndTime","ServiceId") VALUES (84,'RB56N4','RB56N4',1215,1231,42);
INSERT INTO "ServiceInstances" ("Id","ServiceInstanceName","ServiceInstanceAbbreviation","StartTime","EndTime","ServiceId") VALUES (85,'RB56N5','RB56N5',1395,1411,42);
INSERT INTO "ServiceInstances" ("Id","ServiceInstanceName","ServiceInstanceAbbreviation","StartTime","EndTime","ServiceId") VALUES (86,'RB91N01','RB91N01',353,407,43);
INSERT INTO "ServiceInstances" ("Id","ServiceInstanceName","ServiceInstanceAbbreviation","StartTime","EndTime","ServiceId") VALUES (87,'RB91N02','RB91N02',413,467,43);
INSERT INTO "ServiceInstances" ("Id","ServiceInstanceName","ServiceInstanceAbbreviation","StartTime","EndTime","ServiceId") VALUES (88,'RB91N03','RB91N03',450,504,43);
INSERT INTO "ServiceInstances" ("Id","ServiceInstanceName","ServiceInstanceAbbreviation","StartTime","EndTime","ServiceId") VALUES (89,'RB91N04','RB91N04',515,569,43);
INSERT INTO "ServiceInstances" ("Id","ServiceInstanceName","ServiceInstanceAbbreviation","StartTime","EndTime","ServiceId") VALUES (90,'RB91N05','RB91N05',570,624,43);
INSERT INTO "ServiceInstances" ("Id","ServiceInstanceName","ServiceInstanceAbbreviation","StartTime","EndTime","ServiceId") VALUES (91,'RB91N06','RB91N06',653,707,43);
INSERT INTO "ServiceInstances" ("Id","ServiceInstanceName","ServiceInstanceAbbreviation","StartTime","EndTime","ServiceId") VALUES (92,'RB91N07','RB91N07',690,744,43);
INSERT INTO "ServiceInstances" ("Id","ServiceInstanceName","ServiceInstanceAbbreviation","StartTime","EndTime","ServiceId") VALUES (93,'RB91N08','RB91N08',750,804,43);
INSERT INTO "ServiceInstances" ("Id","ServiceInstanceName","ServiceInstanceAbbreviation","StartTime","EndTime","ServiceId") VALUES (94,'RB91N09','RB91N09',810,864,43);
INSERT INTO "ServiceInstances" ("Id","ServiceInstanceName","ServiceInstanceAbbreviation","StartTime","EndTime","ServiceId") VALUES (95,'RB91N10','RB91N10',893,947,43);
INSERT INTO "ServiceInstances" ("Id","ServiceInstanceName","ServiceInstanceAbbreviation","StartTime","EndTime","ServiceId") VALUES (96,'RB91N11','RB91N11',935,989,43);
INSERT INTO "ServiceInstances" ("Id","ServiceInstanceName","ServiceInstanceAbbreviation","StartTime","EndTime","ServiceId") VALUES (97,'RB91N12','RB91N12',990,1044,43);
INSERT INTO "ServiceInstances" ("Id","ServiceInstanceName","ServiceInstanceAbbreviation","StartTime","EndTime","ServiceId") VALUES (98,'RB91N13','RB91N13',1050,1104,43);
INSERT INTO "ServiceInstances" ("Id","ServiceInstanceName","ServiceInstanceAbbreviation","StartTime","EndTime","ServiceId") VALUES (99,'RB91N14','RB91N14',1135,1189,43);
INSERT INTO "ServiceInstances" ("Id","ServiceInstanceName","ServiceInstanceAbbreviation","StartTime","EndTime","ServiceId") VALUES (100,'RB91N15','RB91N15',1172,1226,43);
INSERT INTO "ServiceInstances" ("Id","ServiceInstanceName","ServiceInstanceAbbreviation","StartTime","EndTime","ServiceId") VALUES (101,'RB91N16','RB91N16',1235,1289,43);
INSERT INTO "ServiceInstances" ("Id","ServiceInstanceName","ServiceInstanceAbbreviation","StartTime","EndTime","ServiceId") VALUES (102,'RB91N17','RB91N17',1295,1349,43);
INSERT INTO "ServiceInstances" ("Id","ServiceInstanceName","ServiceInstanceAbbreviation","StartTime","EndTime","ServiceId") VALUES (103,'RB91N18','RB91N18',1378,1432,43);
INSERT INTO "ServiceInstances" ("Id","ServiceInstanceName","ServiceInstanceAbbreviation","StartTime","EndTime","ServiceId") VALUES (104,'RE16N01','RE16N01',293,347,44);
INSERT INTO "ServiceInstances" ("Id","ServiceInstanceName","ServiceInstanceAbbreviation","StartTime","EndTime","ServiceId") VALUES (105,'RE17N02','RE17N02',390,441,44);
INSERT INTO "ServiceInstances" ("Id","ServiceInstanceName","ServiceInstanceAbbreviation","StartTime","EndTime","ServiceId") VALUES (106,'RE16N03','RE16N03',474,528,44);
INSERT INTO "ServiceInstances" ("Id","ServiceInstanceName","ServiceInstanceAbbreviation","StartTime","EndTime","ServiceId") VALUES (107,'RE16N04','RE16N04',533,587,44);
INSERT INTO "ServiceInstances" ("Id","ServiceInstanceName","ServiceInstanceAbbreviation","StartTime","EndTime","ServiceId") VALUES (108,'RE16N05','RE16N05',593,647,44);
INSERT INTO "ServiceInstances" ("Id","ServiceInstanceName","ServiceInstanceAbbreviation","StartTime","EndTime","ServiceId") VALUES (109,'RE16N06','RE16N06',635,686,44);
INSERT INTO "ServiceInstances" ("Id","ServiceInstanceName","ServiceInstanceAbbreviation","StartTime","EndTime","ServiceId") VALUES (110,'RE16N07','RE16N07',713,767,44);
INSERT INTO "ServiceInstances" ("Id","ServiceInstanceName","ServiceInstanceAbbreviation","StartTime","EndTime","ServiceId") VALUES (111,'RE16N08','RE16N08',773,827,44);
INSERT INTO "ServiceInstances" ("Id","ServiceInstanceName","ServiceInstanceAbbreviation","StartTime","EndTime","ServiceId") VALUES (112,'RE16N09','RE16N09',833,887,44);
INSERT INTO "ServiceInstances" ("Id","ServiceInstanceName","ServiceInstanceAbbreviation","StartTime","EndTime","ServiceId") VALUES (113,'RE16N10','RE16N10',875,926,44);
INSERT INTO "ServiceInstances" ("Id","ServiceInstanceName","ServiceInstanceAbbreviation","StartTime","EndTime","ServiceId") VALUES (114,'RE16N11','RE16N11',953,1007,44);
INSERT INTO "ServiceInstances" ("Id","ServiceInstanceName","ServiceInstanceAbbreviation","StartTime","EndTime","ServiceId") VALUES (115,'RE16N12','RE16N12',1013,1067,44);
INSERT INTO "ServiceInstances" ("Id","ServiceInstanceName","ServiceInstanceAbbreviation","StartTime","EndTime","ServiceId") VALUES (116,'RE16N13','RE16N13',1073,1127,44);
INSERT INTO "ServiceInstances" ("Id","ServiceInstanceName","ServiceInstanceAbbreviation","StartTime","EndTime","ServiceId") VALUES (117,'RE16N14','RE16N14',1115,1166,44);
INSERT INTO "ServiceInstances" ("Id","ServiceInstanceName","ServiceInstanceAbbreviation","StartTime","EndTime","ServiceId") VALUES (118,'RE16N15','RE16N15',942,1249,44);
INSERT INTO "ServiceInstances" ("Id","ServiceInstanceName","ServiceInstanceAbbreviation","StartTime","EndTime","ServiceId") VALUES (119,'RE16N16','RE16N16',1258,1312,44);
INSERT INTO "ServiceInstances" ("Id","ServiceInstanceName","ServiceInstanceAbbreviation","StartTime","EndTime","ServiceId") VALUES (120,'RE17N17','RE17N17',1318,1372,44);
INSERT INTO "Timetables" ("Id","TimetableName","TimetableAbbreviation","TimetableDescription","IsMultiDirection","ServiceDirectionId","RouteId") VALUES (1,'TSW Servicemode Eastbound','SM-East','TSW Servicemode Eastbound',0,2,1);
INSERT INTO "Timetables" ("Id","TimetableName","TimetableAbbreviation","TimetableDescription","IsMultiDirection","ServiceDirectionId","RouteId") VALUES (2,'TSW Servicemode wesbound','SM-West','TSW Servicemode wesbound',0,1,1);
INSERT INTO "Timetables" ("Id","TimetableName","TimetableAbbreviation","TimetableDescription","IsMultiDirection","ServiceDirectionId","RouteId") VALUES (3,'Servicemode Westbound','SM-West','Servicemode westbound trains WSR',0,9,2);
INSERT INTO "Timetables" ("Id","TimetableName","TimetableAbbreviation","TimetableDescription","IsMultiDirection","ServiceDirectionId","RouteId") VALUES (4,'Servicemode Eastbound','SM-East','Servicemode eastbount WSR',0,10,2);
INSERT INTO "Timetables" ("Id","TimetableName","TimetableAbbreviation","TimetableDescription","IsMultiDirection","ServiceDirectionId","RouteId") VALUES (5,'All Services','SM-All','All services',1,-1,2);
INSERT INTO "Timetables" ("Id","TimetableName","TimetableAbbreviation","TimetableDescription","IsMultiDirection","ServiceDirectionId","RouteId") VALUES (6,'Test','test','Test',0,9,2);
INSERT INTO "Timetables" ("Id","TimetableName","TimetableAbbreviation","TimetableDescription","IsMultiDirection","ServiceDirectionId","RouteId") VALUES (7,'All services','SMAll','All services except locals',1,-1,1);
INSERT INTO "Timetables" ("Id","TimetableName","TimetableAbbreviation","TimetableDescription","IsMultiDirection","ServiceDirectionId","RouteId") VALUES (8,'SM Hagen-Finnentrop','SM-South','Servicemode

Passengerservices

Hagen-Finnnetrop

All services',0,11,3);
INSERT INTO "Timetables" ("Id","TimetableName","TimetableAbbreviation","TimetableDescription","IsMultiDirection","ServiceDirectionId","RouteId") VALUES (9,'SM Finnentrop-Hagen','SM-North','Service mode

Northbound

Finnentrop-Hagen

All passenger services',0,12,3);
INSERT INTO "Timetables" ("Id","TimetableName","TimetableAbbreviation","TimetableDescription","IsMultiDirection","ServiceDirectionId","RouteId") VALUES (10,'SM All passenger services','AM-All','RSN North

All passenger services',1,-1,3);
INSERT INTO "TimeEvents" ("Id","EventType","ArrivalTime","WaitTime","LocationId","ServiceId","Order") VALUES (1,'S',0,0,2,1,10);
INSERT INTO "TimeEvents" ("Id","EventType","ArrivalTime","WaitTime","LocationId","ServiceId","Order") VALUES (2,'P',25,0,4,1,20);
INSERT INTO "TimeEvents" ("Id","EventType","ArrivalTime","WaitTime","LocationId","ServiceId","Order") VALUES (3,'P',30,0,5,1,30);
INSERT INTO "TimeEvents" ("Id","EventType","ArrivalTime","WaitTime","LocationId","ServiceId","Order") VALUES (4,'P',18,0,7,1,40);
INSERT INTO "TimeEvents" ("Id","EventType","ArrivalTime","WaitTime","LocationId","ServiceId","Order") VALUES (5,'E',12,0,9,1,50);
INSERT INTO "TimeEvents" ("Id","EventType","ArrivalTime","WaitTime","LocationId","ServiceId","Order") VALUES (6,'S',0,0,2,2,10);
INSERT INTO "TimeEvents" ("Id","EventType","ArrivalTime","WaitTime","LocationId","ServiceId","Order") VALUES (7,'P',28,0,4,2,20);
INSERT INTO "TimeEvents" ("Id","EventType","ArrivalTime","WaitTime","LocationId","ServiceId","Order") VALUES (8,'P',33,0,5,2,30);
INSERT INTO "TimeEvents" ("Id","EventType","ArrivalTime","WaitTime","LocationId","ServiceId","Order") VALUES (9,'P',19,0,7,2,40);
INSERT INTO "TimeEvents" ("Id","EventType","ArrivalTime","WaitTime","LocationId","ServiceId","Order") VALUES (10,'E',12,0,9,2,50);
INSERT INTO "TimeEvents" ("Id","EventType","ArrivalTime","WaitTime","LocationId","ServiceId","Order") VALUES (11,'S',0,0,2,3,10);
INSERT INTO "TimeEvents" ("Id","EventType","ArrivalTime","WaitTime","LocationId","ServiceId","Order") VALUES (12,'P',25,0,4,3,20);
INSERT INTO "TimeEvents" ("Id","EventType","ArrivalTime","WaitTime","LocationId","ServiceId","Order") VALUES (13,'P',30,0,5,3,30);
INSERT INTO "TimeEvents" ("Id","EventType","ArrivalTime","WaitTime","LocationId","ServiceId","Order") VALUES (14,'P',17,0,7,3,40);
INSERT INTO "TimeEvents" ("Id","EventType","ArrivalTime","WaitTime","LocationId","ServiceId","Order") VALUES (15,'E',13,0,9,3,50);
INSERT INTO "TimeEvents" ("Id","EventType","ArrivalTime","WaitTime","LocationId","ServiceId","Order") VALUES (16,'S',0,0,2,4,10);
INSERT INTO "TimeEvents" ("Id","EventType","ArrivalTime","WaitTime","LocationId","ServiceId","Order") VALUES (17,'P',25,0,4,4,20);
INSERT INTO "TimeEvents" ("Id","EventType","ArrivalTime","WaitTime","LocationId","ServiceId","Order") VALUES (18,'P',30,0,5,4,30);
INSERT INTO "TimeEvents" ("Id","EventType","ArrivalTime","WaitTime","LocationId","ServiceId","Order") VALUES (19,'P',19,0,7,4,40);
INSERT INTO "TimeEvents" ("Id","EventType","ArrivalTime","WaitTime","LocationId","ServiceId","Order") VALUES (20,'E',18,0,9,4,50);
INSERT INTO "TimeEvents" ("Id","EventType","ArrivalTime","WaitTime","LocationId","ServiceId","Order") VALUES (21,'S',0,0,2,5,10);
INSERT INTO "TimeEvents" ("Id","EventType","ArrivalTime","WaitTime","LocationId","ServiceId","Order") VALUES (22,'P',28,0,4,5,20);
INSERT INTO "TimeEvents" ("Id","EventType","ArrivalTime","WaitTime","LocationId","ServiceId","Order") VALUES (23,'P',33,0,5,5,30);
INSERT INTO "TimeEvents" ("Id","EventType","ArrivalTime","WaitTime","LocationId","ServiceId","Order") VALUES (24,'P',19,0,7,5,40);
INSERT INTO "TimeEvents" ("Id","EventType","ArrivalTime","WaitTime","LocationId","ServiceId","Order") VALUES (25,'E',11,0,9,5,50);
INSERT INTO "TimeEvents" ("Id","EventType","ArrivalTime","WaitTime","LocationId","ServiceId","Order") VALUES (26,'S',0,0,2,6,10);
INSERT INTO "TimeEvents" ("Id","EventType","ArrivalTime","WaitTime","LocationId","ServiceId","Order") VALUES (27,'P',25,0,4,6,20);
INSERT INTO "TimeEvents" ("Id","EventType","ArrivalTime","WaitTime","LocationId","ServiceId","Order") VALUES (28,'P',32,0,5,6,30);
INSERT INTO "TimeEvents" ("Id","EventType","ArrivalTime","WaitTime","LocationId","ServiceId","Order") VALUES (29,'P',17,0,7,6,40);
INSERT INTO "TimeEvents" ("Id","EventType","ArrivalTime","WaitTime","LocationId","ServiceId","Order") VALUES (30,'E',22,0,9,6,50);
INSERT INTO "TimeEvents" ("Id","EventType","ArrivalTime","WaitTime","LocationId","ServiceId","Order") VALUES (31,'S',0,0,2,7,10);
INSERT INTO "TimeEvents" ("Id","EventType","ArrivalTime","WaitTime","LocationId","ServiceId","Order") VALUES (32,'P',24,0,4,7,20);
INSERT INTO "TimeEvents" ("Id","EventType","ArrivalTime","WaitTime","LocationId","ServiceId","Order") VALUES (33,'P',28,0,5,7,30);
INSERT INTO "TimeEvents" ("Id","EventType","ArrivalTime","WaitTime","LocationId","ServiceId","Order") VALUES (34,'P',23,0,7,7,40);
INSERT INTO "TimeEvents" ("Id","EventType","ArrivalTime","WaitTime","LocationId","ServiceId","Order") VALUES (35,'E',12,0,9,7,50);
INSERT INTO "TimeEvents" ("Id","EventType","ArrivalTime","WaitTime","LocationId","ServiceId","Order") VALUES (36,'S',0,0,2,8,10);
INSERT INTO "TimeEvents" ("Id","EventType","ArrivalTime","WaitTime","LocationId","ServiceId","Order") VALUES (37,'P',28,0,4,8,20);
INSERT INTO "TimeEvents" ("Id","EventType","ArrivalTime","WaitTime","LocationId","ServiceId","Order") VALUES (38,'P',33,0,5,8,30);
INSERT INTO "TimeEvents" ("Id","EventType","ArrivalTime","WaitTime","LocationId","ServiceId","Order") VALUES (39,'P',19,0,7,8,40);
INSERT INTO "TimeEvents" ("Id","EventType","ArrivalTime","WaitTime","LocationId","ServiceId","Order") VALUES (40,'E',11,0,9,8,50);
INSERT INTO "TimeEvents" ("Id","EventType","ArrivalTime","WaitTime","LocationId","ServiceId","Order") VALUES (41,'S',0,0,2,9,10);
INSERT INTO "TimeEvents" ("Id","EventType","ArrivalTime","WaitTime","LocationId","ServiceId","Order") VALUES (42,'P',25,0,4,9,20);
INSERT INTO "TimeEvents" ("Id","EventType","ArrivalTime","WaitTime","LocationId","ServiceId","Order") VALUES (43,'P',30,0,5,9,30);
INSERT INTO "TimeEvents" ("Id","EventType","ArrivalTime","WaitTime","LocationId","ServiceId","Order") VALUES (44,'P',17,0,7,9,40);
INSERT INTO "TimeEvents" ("Id","EventType","ArrivalTime","WaitTime","LocationId","ServiceId","Order") VALUES (45,'E',12,0,9,9,50);
INSERT INTO "TimeEvents" ("Id","EventType","ArrivalTime","WaitTime","LocationId","ServiceId","Order") VALUES (46,'S',0,0,2,10,10);
INSERT INTO "TimeEvents" ("Id","EventType","ArrivalTime","WaitTime","LocationId","ServiceId","Order") VALUES (47,'P',26,0,4,10,20);
INSERT INTO "TimeEvents" ("Id","EventType","ArrivalTime","WaitTime","LocationId","ServiceId","Order") VALUES (48,'P',28,0,5,10,30);
INSERT INTO "TimeEvents" ("Id","EventType","ArrivalTime","WaitTime","LocationId","ServiceId","Order") VALUES (49,'E',30,0,8,10,40);
INSERT INTO "TimeEvents" ("Id","EventType","ArrivalTime","WaitTime","LocationId","ServiceId","Order") VALUES (50,'S',0,0,2,11,10);
INSERT INTO "TimeEvents" ("Id","EventType","ArrivalTime","WaitTime","LocationId","ServiceId","Order") VALUES (51,'P',25,0,4,11,20);
INSERT INTO "TimeEvents" ("Id","EventType","ArrivalTime","WaitTime","LocationId","ServiceId","Order") VALUES (52,'P',29,0,5,11,30);
INSERT INTO "TimeEvents" ("Id","EventType","ArrivalTime","WaitTime","LocationId","ServiceId","Order") VALUES (53,'P',21,0,7,11,40);
INSERT INTO "TimeEvents" ("Id","EventType","ArrivalTime","WaitTime","LocationId","ServiceId","Order") VALUES (54,'E',13,0,9,11,50);
INSERT INTO "TimeEvents" ("Id","EventType","ArrivalTime","WaitTime","LocationId","ServiceId","Order") VALUES (55,'S',0,0,2,12,10);
INSERT INTO "TimeEvents" ("Id","EventType","ArrivalTime","WaitTime","LocationId","ServiceId","Order") VALUES (56,'P',23,0,4,12,20);
INSERT INTO "TimeEvents" ("Id","EventType","ArrivalTime","WaitTime","LocationId","ServiceId","Order") VALUES (57,'P',27,0,5,12,30);
INSERT INTO "TimeEvents" ("Id","EventType","ArrivalTime","WaitTime","LocationId","ServiceId","Order") VALUES (58,'P',17,0,7,12,40);
INSERT INTO "TimeEvents" ("Id","EventType","ArrivalTime","WaitTime","LocationId","ServiceId","Order") VALUES (59,'E',11,0,9,12,50);
INSERT INTO "TimeEvents" ("Id","EventType","ArrivalTime","WaitTime","LocationId","ServiceId","Order") VALUES (60,'S',0,0,2,13,10);
INSERT INTO "TimeEvents" ("Id","EventType","ArrivalTime","WaitTime","LocationId","ServiceId","Order") VALUES (61,'P',23,0,4,13,20);
INSERT INTO "TimeEvents" ("Id","EventType","ArrivalTime","WaitTime","LocationId","ServiceId","Order") VALUES (62,'P',28,0,5,13,30);
INSERT INTO "TimeEvents" ("Id","EventType","ArrivalTime","WaitTime","LocationId","ServiceId","Order") VALUES (63,'P',17,0,7,13,40);
INSERT INTO "TimeEvents" ("Id","EventType","ArrivalTime","WaitTime","LocationId","ServiceId","Order") VALUES (64,'P',12,0,9,13,50);
INSERT INTO "TimeEvents" ("Id","EventType","ArrivalTime","WaitTime","LocationId","ServiceId","Order") VALUES (65,'S',0,0,2,14,10);
INSERT INTO "TimeEvents" ("Id","EventType","ArrivalTime","WaitTime","LocationId","ServiceId","Order") VALUES (66,'P',23,0,4,14,20);
INSERT INTO "TimeEvents" ("Id","EventType","ArrivalTime","WaitTime","LocationId","ServiceId","Order") VALUES (67,'P',28,0,5,14,30);
INSERT INTO "TimeEvents" ("Id","EventType","ArrivalTime","WaitTime","LocationId","ServiceId","Order") VALUES (68,'P',18,0,7,14,40);
INSERT INTO "TimeEvents" ("Id","EventType","ArrivalTime","WaitTime","LocationId","ServiceId","Order") VALUES (69,'E',12,0,9,14,50);
INSERT INTO "TimeEvents" ("Id","EventType","ArrivalTime","WaitTime","LocationId","ServiceId","Order") VALUES (70,'S',0,0,2,15,10);
INSERT INTO "TimeEvents" ("Id","EventType","ArrivalTime","WaitTime","LocationId","ServiceId","Order") VALUES (71,'P',29,0,4,15,20);
INSERT INTO "TimeEvents" ("Id","EventType","ArrivalTime","WaitTime","LocationId","ServiceId","Order") VALUES (72,'P',26,0,5,15,30);
INSERT INTO "TimeEvents" ("Id","EventType","ArrivalTime","WaitTime","LocationId","ServiceId","Order") VALUES (73,'P',18,0,7,15,40);
INSERT INTO "TimeEvents" ("Id","EventType","ArrivalTime","WaitTime","LocationId","ServiceId","Order") VALUES (74,'P',12,0,9,15,50);
INSERT INTO "TimeEvents" ("Id","EventType","ArrivalTime","WaitTime","LocationId","ServiceId","Order") VALUES (75,'S',0,0,9,16,10);
INSERT INTO "TimeEvents" ("Id","EventType","ArrivalTime","WaitTime","LocationId","ServiceId","Order") VALUES (76,'P',55,0,4,16,20);
INSERT INTO "TimeEvents" ("Id","EventType","ArrivalTime","WaitTime","LocationId","ServiceId","Order") VALUES (77,'E',25,0,2,16,30);
INSERT INTO "TimeEvents" ("Id","EventType","ArrivalTime","WaitTime","LocationId","ServiceId","Order") VALUES (78,'S',0,0,9,17,10);
INSERT INTO "TimeEvents" ("Id","EventType","ArrivalTime","WaitTime","LocationId","ServiceId","Order") VALUES (79,'P',55,0,4,17,20);
INSERT INTO "TimeEvents" ("Id","EventType","ArrivalTime","WaitTime","LocationId","ServiceId","Order") VALUES (80,'E',23,0,2,17,30);
INSERT INTO "TimeEvents" ("Id","EventType","ArrivalTime","WaitTime","LocationId","ServiceId","Order") VALUES (81,'S',0,0,9,18,10);
INSERT INTO "TimeEvents" ("Id","EventType","ArrivalTime","WaitTime","LocationId","ServiceId","Order") VALUES (82,'P',56,0,4,18,20);
INSERT INTO "TimeEvents" ("Id","EventType","ArrivalTime","WaitTime","LocationId","ServiceId","Order") VALUES (83,'E',23,0,2,18,30);
INSERT INTO "TimeEvents" ("Id","EventType","ArrivalTime","WaitTime","LocationId","ServiceId","Order") VALUES (84,'S',0,0,9,19,10);
INSERT INTO "TimeEvents" ("Id","EventType","ArrivalTime","WaitTime","LocationId","ServiceId","Order") VALUES (85,'P',56,0,4,19,20);
INSERT INTO "TimeEvents" ("Id","EventType","ArrivalTime","WaitTime","LocationId","ServiceId","Order") VALUES (86,'E',23,0,2,19,30);
INSERT INTO "TimeEvents" ("Id","EventType","ArrivalTime","WaitTime","LocationId","ServiceId","Order") VALUES (87,'S',0,0,9,20,10);
INSERT INTO "TimeEvents" ("Id","EventType","ArrivalTime","WaitTime","LocationId","ServiceId","Order") VALUES (88,'P',56,0,4,20,20);
INSERT INTO "TimeEvents" ("Id","EventType","ArrivalTime","WaitTime","LocationId","ServiceId","Order") VALUES (89,'E',23,0,2,20,30);
INSERT INTO "TimeEvents" ("Id","EventType","ArrivalTime","WaitTime","LocationId","ServiceId","Order") VALUES (90,'S',0,0,9,21,10);
INSERT INTO "TimeEvents" ("Id","EventType","ArrivalTime","WaitTime","LocationId","ServiceId","Order") VALUES (91,'P',56,0,4,21,20);
INSERT INTO "TimeEvents" ("Id","EventType","ArrivalTime","WaitTime","LocationId","ServiceId","Order") VALUES (92,'E',21,0,2,21,30);
INSERT INTO "TimeEvents" ("Id","EventType","ArrivalTime","WaitTime","LocationId","ServiceId","Order") VALUES (93,'S',0,0,9,22,10);
INSERT INTO "TimeEvents" ("Id","EventType","ArrivalTime","WaitTime","LocationId","ServiceId","Order") VALUES (94,'P',56,0,4,22,20);
INSERT INTO "TimeEvents" ("Id","EventType","ArrivalTime","WaitTime","LocationId","ServiceId","Order") VALUES (95,'E',25,0,2,22,30);
INSERT INTO "TimeEvents" ("Id","EventType","ArrivalTime","WaitTime","LocationId","ServiceId","Order") VALUES (96,'S',0,0,9,23,10);
INSERT INTO "TimeEvents" ("Id","EventType","ArrivalTime","WaitTime","LocationId","ServiceId","Order") VALUES (97,'P',55,0,4,23,20);
INSERT INTO "TimeEvents" ("Id","EventType","ArrivalTime","WaitTime","LocationId","ServiceId","Order") VALUES (98,'E',24,0,2,23,30);
INSERT INTO "TimeEvents" ("Id","EventType","ArrivalTime","WaitTime","LocationId","ServiceId","Order") VALUES (99,'S',0,0,8,24,10);
INSERT INTO "TimeEvents" ("Id","EventType","ArrivalTime","WaitTime","LocationId","ServiceId","Order") VALUES (100,'E',17,0,12,24,20);
INSERT INTO "TimeEvents" ("Id","EventType","ArrivalTime","WaitTime","LocationId","ServiceId","Order") VALUES (101,'S',0,0,12,25,10);
INSERT INTO "TimeEvents" ("Id","EventType","ArrivalTime","WaitTime","LocationId","ServiceId","Order") VALUES (102,'P',47,0,4,25,20);
INSERT INTO "TimeEvents" ("Id","EventType","ArrivalTime","WaitTime","LocationId","ServiceId","Order") VALUES (103,'E',26,0,2,25,30);
INSERT INTO "TimeEvents" ("Id","EventType","ArrivalTime","WaitTime","LocationId","ServiceId","Order") VALUES (104,'S',0,0,9,26,10);
INSERT INTO "TimeEvents" ("Id","EventType","ArrivalTime","WaitTime","LocationId","ServiceId","Order") VALUES (105,'P',56,0,4,26,20);
INSERT INTO "TimeEvents" ("Id","EventType","ArrivalTime","WaitTime","LocationId","ServiceId","Order") VALUES (106,'E',23,0,2,26,30);
INSERT INTO "TimeEvents" ("Id","EventType","ArrivalTime","WaitTime","LocationId","ServiceId","Order") VALUES (107,'S',0,0,9,27,10);
INSERT INTO "TimeEvents" ("Id","EventType","ArrivalTime","WaitTime","LocationId","ServiceId","Order") VALUES (108,'P',55,0,4,27,20);
INSERT INTO "TimeEvents" ("Id","EventType","ArrivalTime","WaitTime","LocationId","ServiceId","Order") VALUES (109,'E',22,0,2,27,30);
INSERT INTO "TimeEvents" ("Id","EventType","ArrivalTime","WaitTime","LocationId","ServiceId","Order") VALUES (139,'S',0,0,14,28,20);
INSERT INTO "TimeEvents" ("Id","EventType","ArrivalTime","WaitTime","LocationId","ServiceId","Order") VALUES (140,'H',12,0,15,28,30);
INSERT INTO "TimeEvents" ("Id","EventType","ArrivalTime","WaitTime","LocationId","ServiceId","Order") VALUES (141,'H',8,0,16,28,40);
INSERT INTO "TimeEvents" ("Id","EventType","ArrivalTime","WaitTime","LocationId","ServiceId","Order") VALUES (142,'H',9,0,17,28,50);
INSERT INTO "TimeEvents" ("Id","EventType","ArrivalTime","WaitTime","LocationId","ServiceId","Order") VALUES (143,'H',5,0,18,28,60);
INSERT INTO "TimeEvents" ("Id","EventType","ArrivalTime","WaitTime","LocationId","ServiceId","Order") VALUES (144,'H',4,0,19,28,70);
INSERT INTO "TimeEvents" ("Id","EventType","ArrivalTime","WaitTime","LocationId","ServiceId","Order") VALUES (145,'H',9,0,20,28,80);
INSERT INTO "TimeEvents" ("Id","EventType","ArrivalTime","WaitTime","LocationId","ServiceId","Order") VALUES (146,'H',7,0,21,28,90);
INSERT INTO "TimeEvents" ("Id","EventType","ArrivalTime","WaitTime","LocationId","ServiceId","Order") VALUES (147,'H',8,0,22,28,100);
INSERT INTO "TimeEvents" ("Id","EventType","ArrivalTime","WaitTime","LocationId","ServiceId","Order") VALUES (148,'E',8,0,23,28,110);
INSERT INTO "TimeEvents" ("Id","EventType","ArrivalTime","WaitTime","LocationId","ServiceId","Order") VALUES (149,'S',0,0,13,29,10);
INSERT INTO "TimeEvents" ("Id","EventType","ArrivalTime","WaitTime","LocationId","ServiceId","Order") VALUES (150,'H',14,0,14,29,20);
INSERT INTO "TimeEvents" ("Id","EventType","ArrivalTime","WaitTime","LocationId","ServiceId","Order") VALUES (151,'H',15,0,15,29,30);
INSERT INTO "TimeEvents" ("Id","EventType","ArrivalTime","WaitTime","LocationId","ServiceId","Order") VALUES (152,'H',17,0,17,29,50);
INSERT INTO "TimeEvents" ("Id","EventType","ArrivalTime","WaitTime","LocationId","ServiceId","Order") VALUES (153,'H',8,0,19,29,70);
INSERT INTO "TimeEvents" ("Id","EventType","ArrivalTime","WaitTime","LocationId","ServiceId","Order") VALUES (154,'H',16,0,21,29,90);
INSERT INTO "TimeEvents" ("Id","EventType","ArrivalTime","WaitTime","LocationId","ServiceId","Order") VALUES (155,'E',14,0,23,29,110);
INSERT INTO "TimeEvents" ("Id","EventType","ArrivalTime","WaitTime","LocationId","ServiceId","Order") VALUES (156,'S',0,0,14,30,20);
INSERT INTO "TimeEvents" ("Id","EventType","ArrivalTime","WaitTime","LocationId","ServiceId","Order") VALUES (157,'H',12,1,15,30,30);
INSERT INTO "TimeEvents" ("Id","EventType","ArrivalTime","WaitTime","LocationId","ServiceId","Order") VALUES (158,'H',9,0,16,30,40);
INSERT INTO "TimeEvents" ("Id","EventType","ArrivalTime","WaitTime","LocationId","ServiceId","Order") VALUES (159,'H',9,25,17,30,50);
INSERT INTO "TimeEvents" ("Id","EventType","ArrivalTime","WaitTime","LocationId","ServiceId","Order") VALUES (160,'H',5,0,18,30,60);
INSERT INTO "TimeEvents" ("Id","EventType","ArrivalTime","WaitTime","LocationId","ServiceId","Order") VALUES (161,'H',5,0,19,30,70);
INSERT INTO "TimeEvents" ("Id","EventType","ArrivalTime","WaitTime","LocationId","ServiceId","Order") VALUES (162,'H',4,0,20,30,80);
INSERT INTO "TimeEvents" ("Id","EventType","ArrivalTime","WaitTime","LocationId","ServiceId","Order") VALUES (163,'H',7,1,21,30,90);
INSERT INTO "TimeEvents" ("Id","EventType","ArrivalTime","WaitTime","LocationId","ServiceId","Order") VALUES (164,'H',6,0,22,30,100);
INSERT INTO "TimeEvents" ("Id","EventType","ArrivalTime","WaitTime","LocationId","ServiceId","Order") VALUES (165,'E',8,0,23,30,110);
INSERT INTO "TimeEvents" ("Id","EventType","ArrivalTime","WaitTime","LocationId","ServiceId","Order") VALUES (166,'S',0,0,14,31,20);
INSERT INTO "TimeEvents" ("Id","EventType","ArrivalTime","WaitTime","LocationId","ServiceId","Order") VALUES (167,'H',15,0,15,31,30);
INSERT INTO "TimeEvents" ("Id","EventType","ArrivalTime","WaitTime","LocationId","ServiceId","Order") VALUES (168,'H',17,0,17,31,50);
INSERT INTO "TimeEvents" ("Id","EventType","ArrivalTime","WaitTime","LocationId","ServiceId","Order") VALUES (169,'H',8,0,19,31,70);
INSERT INTO "TimeEvents" ("Id","EventType","ArrivalTime","WaitTime","LocationId","ServiceId","Order") VALUES (170,'H',16,0,21,31,90);
INSERT INTO "TimeEvents" ("Id","EventType","ArrivalTime","WaitTime","LocationId","ServiceId","Order") VALUES (171,'E',14,0,23,31,110);
INSERT INTO "TimeEvents" ("Id","EventType","ArrivalTime","WaitTime","LocationId","ServiceId","Order") VALUES (172,'S',0,0,14,32,20);
INSERT INTO "TimeEvents" ("Id","EventType","ArrivalTime","WaitTime","LocationId","ServiceId","Order") VALUES (173,'H',12,0,15,32,30);
INSERT INTO "TimeEvents" ("Id","EventType","ArrivalTime","WaitTime","LocationId","ServiceId","Order") VALUES (174,'H',9,0,16,32,40);
INSERT INTO "TimeEvents" ("Id","EventType","ArrivalTime","WaitTime","LocationId","ServiceId","Order") VALUES (175,'H',9,0,17,32,50);
INSERT INTO "TimeEvents" ("Id","EventType","ArrivalTime","WaitTime","LocationId","ServiceId","Order") VALUES (176,'H',5,0,18,32,60);
INSERT INTO "TimeEvents" ("Id","EventType","ArrivalTime","WaitTime","LocationId","ServiceId","Order") VALUES (177,'H',4,0,19,32,70);
INSERT INTO "TimeEvents" ("Id","EventType","ArrivalTime","WaitTime","LocationId","ServiceId","Order") VALUES (178,'H',7,0,20,32,80);
INSERT INTO "TimeEvents" ("Id","EventType","ArrivalTime","WaitTime","LocationId","ServiceId","Order") VALUES (179,'H',7,0,21,32,90);
INSERT INTO "TimeEvents" ("Id","EventType","ArrivalTime","WaitTime","LocationId","ServiceId","Order") VALUES (180,'H',6,0,22,32,100);
INSERT INTO "TimeEvents" ("Id","EventType","ArrivalTime","WaitTime","LocationId","ServiceId","Order") VALUES (181,'H',9,0,23,32,110);
INSERT INTO "TimeEvents" ("Id","EventType","ArrivalTime","WaitTime","LocationId","ServiceId","Order") VALUES (182,'S',0,0,23,33,10);
INSERT INTO "TimeEvents" ("Id","EventType","ArrivalTime","WaitTime","LocationId","ServiceId","Order") VALUES (183,'H',9,0,22,33,20);
INSERT INTO "TimeEvents" ("Id","EventType","ArrivalTime","WaitTime","LocationId","ServiceId","Order") VALUES (184,'H',6,1,21,33,30);
INSERT INTO "TimeEvents" ("Id","EventType","ArrivalTime","WaitTime","LocationId","ServiceId","Order") VALUES (185,'H',8,0,20,33,40);
INSERT INTO "TimeEvents" ("Id","EventType","ArrivalTime","WaitTime","LocationId","ServiceId","Order") VALUES (186,'H',10,0,19,33,50);
INSERT INTO "TimeEvents" ("Id","EventType","ArrivalTime","WaitTime","LocationId","ServiceId","Order") VALUES (187,'H',4,0,18,33,60);
INSERT INTO "TimeEvents" ("Id","EventType","ArrivalTime","WaitTime","LocationId","ServiceId","Order") VALUES (188,'H',4,1,17,33,70);
INSERT INTO "TimeEvents" ("Id","EventType","ArrivalTime","WaitTime","LocationId","ServiceId","Order") VALUES (189,'H',11,0,16,33,80);
INSERT INTO "TimeEvents" ("Id","EventType","ArrivalTime","WaitTime","LocationId","ServiceId","Order") VALUES (190,'H',7,4,15,33,90);
INSERT INTO "TimeEvents" ("Id","EventType","ArrivalTime","WaitTime","LocationId","ServiceId","Order") VALUES (191,'E',12,0,14,33,100);
INSERT INTO "TimeEvents" ("Id","EventType","ArrivalTime","WaitTime","LocationId","ServiceId","Order") VALUES (192,'S',0,0,23,34,10);
INSERT INTO "TimeEvents" ("Id","EventType","ArrivalTime","WaitTime","LocationId","ServiceId","Order") VALUES (193,'H',9,0,22,34,20);
INSERT INTO "TimeEvents" ("Id","EventType","ArrivalTime","WaitTime","LocationId","ServiceId","Order") VALUES (194,'H',6,1,21,34,30);
INSERT INTO "TimeEvents" ("Id","EventType","ArrivalTime","WaitTime","LocationId","ServiceId","Order") VALUES (195,'H',8,0,20,34,40);
INSERT INTO "TimeEvents" ("Id","EventType","ArrivalTime","WaitTime","LocationId","ServiceId","Order") VALUES (196,'H',10,0,19,34,50);
INSERT INTO "TimeEvents" ("Id","EventType","ArrivalTime","WaitTime","LocationId","ServiceId","Order") VALUES (197,'H',4,0,18,34,60);
INSERT INTO "TimeEvents" ("Id","EventType","ArrivalTime","WaitTime","LocationId","ServiceId","Order") VALUES (198,'H',3,1,17,34,70);
INSERT INTO "TimeEvents" ("Id","EventType","ArrivalTime","WaitTime","LocationId","ServiceId","Order") VALUES (199,'H',12,0,16,34,80);
INSERT INTO "TimeEvents" ("Id","EventType","ArrivalTime","WaitTime","LocationId","ServiceId","Order") VALUES (200,'H',7,2,15,34,90);
INSERT INTO "TimeEvents" ("Id","EventType","ArrivalTime","WaitTime","LocationId","ServiceId","Order") VALUES (201,'H',12,0,14,34,100);
INSERT INTO "TimeEvents" ("Id","EventType","ArrivalTime","WaitTime","LocationId","ServiceId","Order") VALUES (202,'S',0,0,23,35,10);
INSERT INTO "TimeEvents" ("Id","EventType","ArrivalTime","WaitTime","LocationId","ServiceId","Order") VALUES (203,'H',14,0,21,35,30);
INSERT INTO "TimeEvents" ("Id","EventType","ArrivalTime","WaitTime","LocationId","ServiceId","Order") VALUES (204,'H',18,0,19,35,50);
INSERT INTO "TimeEvents" ("Id","EventType","ArrivalTime","WaitTime","LocationId","ServiceId","Order") VALUES (205,'H',6,0,17,35,70);
INSERT INTO "TimeEvents" ("Id","EventType","ArrivalTime","WaitTime","LocationId","ServiceId","Order") VALUES (206,'H',24,0,15,35,90);
INSERT INTO "TimeEvents" ("Id","EventType","ArrivalTime","WaitTime","LocationId","ServiceId","Order") VALUES (207,'E',12,0,14,35,100);
INSERT INTO "TimeEvents" ("Id","EventType","ArrivalTime","WaitTime","LocationId","ServiceId","Order") VALUES (208,'S',0,0,23,36,10);
INSERT INTO "TimeEvents" ("Id","EventType","ArrivalTime","WaitTime","LocationId","ServiceId","Order") VALUES (209,'H',9,0,22,36,20);
INSERT INTO "TimeEvents" ("Id","EventType","ArrivalTime","WaitTime","LocationId","ServiceId","Order") VALUES (210,'H',7,1,21,36,30);
INSERT INTO "TimeEvents" ("Id","EventType","ArrivalTime","WaitTime","LocationId","ServiceId","Order") VALUES (211,'H',8,0,20,36,40);
INSERT INTO "TimeEvents" ("Id","EventType","ArrivalTime","WaitTime","LocationId","ServiceId","Order") VALUES (212,'H',10,0,19,36,50);
INSERT INTO "TimeEvents" ("Id","EventType","ArrivalTime","WaitTime","LocationId","ServiceId","Order") VALUES (213,'H',4,0,18,36,60);
INSERT INTO "TimeEvents" ("Id","EventType","ArrivalTime","WaitTime","LocationId","ServiceId","Order") VALUES (214,'H',3,2,17,36,70);
INSERT INTO "TimeEvents" ("Id","EventType","ArrivalTime","WaitTime","LocationId","ServiceId","Order") VALUES (215,'H',10,0,16,36,80);
INSERT INTO "TimeEvents" ("Id","EventType","ArrivalTime","WaitTime","LocationId","ServiceId","Order") VALUES (216,'H',7,1,15,36,90);
INSERT INTO "TimeEvents" ("Id","EventType","ArrivalTime","WaitTime","LocationId","ServiceId","Order") VALUES (217,'E',12,0,14,36,100);
INSERT INTO "TimeEvents" ("Id","EventType","ArrivalTime","WaitTime","LocationId","ServiceId","Order") VALUES (218,'S',0,0,23,37,10);
INSERT INTO "TimeEvents" ("Id","EventType","ArrivalTime","WaitTime","LocationId","ServiceId","Order") VALUES (219,'H',7,0,22,37,20);
INSERT INTO "TimeEvents" ("Id","EventType","ArrivalTime","WaitTime","LocationId","ServiceId","Order") VALUES (220,'H',6,1,21,37,30);
INSERT INTO "TimeEvents" ("Id","EventType","ArrivalTime","WaitTime","LocationId","ServiceId","Order") VALUES (221,'H',8,0,20,37,40);
INSERT INTO "TimeEvents" ("Id","EventType","ArrivalTime","WaitTime","LocationId","ServiceId","Order") VALUES (222,'H',10,0,19,37,50);
INSERT INTO "TimeEvents" ("Id","EventType","ArrivalTime","WaitTime","LocationId","ServiceId","Order") VALUES (223,'H',5,0,18,37,60);
INSERT INTO "TimeEvents" ("Id","EventType","ArrivalTime","WaitTime","LocationId","ServiceId","Order") VALUES (224,'H',3,2,17,37,70);
INSERT INTO "TimeEvents" ("Id","EventType","ArrivalTime","WaitTime","LocationId","ServiceId","Order") VALUES (225,'H',10,0,16,37,80);
INSERT INTO "TimeEvents" ("Id","EventType","ArrivalTime","WaitTime","LocationId","ServiceId","Order") VALUES (226,'H',7,1,15,37,90);
INSERT INTO "TimeEvents" ("Id","EventType","ArrivalTime","WaitTime","LocationId","ServiceId","Order") VALUES (227,'E',12,0,14,37,100);
INSERT INTO "TimeEvents" ("Id","EventType","ArrivalTime","WaitTime","LocationId","ServiceId","Order") VALUES (228,'S',0,0,23,38,10);
INSERT INTO "TimeEvents" ("Id","EventType","ArrivalTime","WaitTime","LocationId","ServiceId","Order") VALUES (229,'H',14,0,21,38,30);
INSERT INTO "TimeEvents" ("Id","EventType","ArrivalTime","WaitTime","LocationId","ServiceId","Order") VALUES (230,'H',18,0,19,38,50);
INSERT INTO "TimeEvents" ("Id","EventType","ArrivalTime","WaitTime","LocationId","ServiceId","Order") VALUES (231,'H',17,0,17,38,70);
INSERT INTO "TimeEvents" ("Id","EventType","ArrivalTime","WaitTime","LocationId","ServiceId","Order") VALUES (232,'H',22,0,15,38,90);
INSERT INTO "TimeEvents" ("Id","EventType","ArrivalTime","WaitTime","LocationId","ServiceId","Order") VALUES (233,'H',12,0,14,38,100);
INSERT INTO "TimeEvents" ("Id","EventType","ArrivalTime","WaitTime","LocationId","ServiceId","Order") VALUES (234,'E',8,0,13,38,110);
INSERT INTO "TimeEvents" ("Id","EventType","ArrivalTime","WaitTime","LocationId","ServiceId","Order") VALUES (235,'S',0,0,25,39,20);
INSERT INTO "TimeEvents" ("Id","EventType","ArrivalTime","WaitTime","LocationId","ServiceId","Order") VALUES (236,'H',12,0,30,39,70);
INSERT INTO "TimeEvents" ("Id","EventType","ArrivalTime","WaitTime","LocationId","ServiceId","Order") VALUES (237,'E',5,0,32,39,90);
INSERT INTO "TimeEvents" ("Id","EventType","ArrivalTime","WaitTime","LocationId","ServiceId","Order") VALUES (238,'S',0,0,25,40,20);
INSERT INTO "TimeEvents" ("Id","EventType","ArrivalTime","WaitTime","LocationId","ServiceId","Order") VALUES (239,'H',12,0,30,40,70);
INSERT INTO "TimeEvents" ("Id","EventType","ArrivalTime","WaitTime","LocationId","ServiceId","Order") VALUES (240,'H',5,0,32,40,90);
INSERT INTO "TimeEvents" ("Id","EventType","ArrivalTime","WaitTime","LocationId","ServiceId","Order") VALUES (241,'H',9,0,33,40,100);
INSERT INTO "TimeEvents" ("Id","EventType","ArrivalTime","WaitTime","LocationId","ServiceId","Order") VALUES (242,'H',10,0,35,40,120);
INSERT INTO "TimeEvents" ("Id","EventType","ArrivalTime","WaitTime","LocationId","ServiceId","Order") VALUES (243,'H',8,0,37,40,140);
INSERT INTO "TimeEvents" ("Id","EventType","ArrivalTime","WaitTime","LocationId","ServiceId","Order") VALUES (244,'E',10,0,40,40,170);
INSERT INTO "TimeEvents" ("Id","EventType","ArrivalTime","WaitTime","LocationId","ServiceId","Order") VALUES (245,'S',0,0,25,41,20);
INSERT INTO "TimeEvents" ("Id","EventType","ArrivalTime","WaitTime","LocationId","ServiceId","Order") VALUES (246,'H',16,0,32,41,90);
INSERT INTO "TimeEvents" ("Id","EventType","ArrivalTime","WaitTime","LocationId","ServiceId","Order") VALUES (247,'H',17,0,35,41,120);
INSERT INTO "TimeEvents" ("Id","EventType","ArrivalTime","WaitTime","LocationId","ServiceId","Order") VALUES (248,'H',8,0,37,41,140);
INSERT INTO "TimeEvents" ("Id","EventType","ArrivalTime","WaitTime","LocationId","ServiceId","Order") VALUES (249,'E',10,0,40,41,170);
INSERT INTO "TimeEvents" ("Id","EventType","ArrivalTime","WaitTime","LocationId","ServiceId","Order") VALUES (250,'S',0,0,32,42,110);
INSERT INTO "TimeEvents" ("Id","EventType","ArrivalTime","WaitTime","LocationId","ServiceId","Order") VALUES (251,'H',5,0,30,42,130);
INSERT INTO "TimeEvents" ("Id","EventType","ArrivalTime","WaitTime","LocationId","ServiceId","Order") VALUES (252,'E',11,0,25,42,180);
INSERT INTO "TimeEvents" ("Id","EventType","ArrivalTime","WaitTime","LocationId","ServiceId","Order") VALUES (253,'S',0,0,40,43,30);
INSERT INTO "TimeEvents" ("Id","EventType","ArrivalTime","WaitTime","LocationId","ServiceId","Order") VALUES (254,'H',12,0,37,43,60);
INSERT INTO "TimeEvents" ("Id","EventType","ArrivalTime","WaitTime","LocationId","ServiceId","Order") VALUES (255,'H',8,0,35,43,80);
INSERT INTO "TimeEvents" ("Id","EventType","ArrivalTime","WaitTime","LocationId","ServiceId","Order") VALUES (256,'H',9,0,33,43,100);
INSERT INTO "TimeEvents" ("Id","EventType","ArrivalTime","WaitTime","LocationId","ServiceId","Order") VALUES (257,'H',9,0,32,43,110);
INSERT INTO "TimeEvents" ("Id","EventType","ArrivalTime","WaitTime","LocationId","ServiceId","Order") VALUES (258,'H',5,0,30,43,130);
INSERT INTO "TimeEvents" ("Id","EventType","ArrivalTime","WaitTime","LocationId","ServiceId","Order") VALUES (259,'E',11,0,25,43,180);
INSERT INTO "TimeEvents" ("Id","EventType","ArrivalTime","WaitTime","LocationId","ServiceId","Order") VALUES (260,'S',0,0,40,44,30);
INSERT INTO "TimeEvents" ("Id","EventType","ArrivalTime","WaitTime","LocationId","ServiceId","Order") VALUES (261,'H',12,0,37,44,60);
INSERT INTO "TimeEvents" ("Id","EventType","ArrivalTime","WaitTime","LocationId","ServiceId","Order") VALUES (262,'H',8,0,35,44,80);
INSERT INTO "TimeEvents" ("Id","EventType","ArrivalTime","WaitTime","LocationId","ServiceId","Order") VALUES (263,'H',18,0,32,44,110);
INSERT INTO "TimeEvents" ("Id","EventType","ArrivalTime","WaitTime","LocationId","ServiceId","Order") VALUES (264,'E',14,0,25,44,180);
INSERT INTO "Services" ("Id","ServiceName","ServiceAbbreviation","ServiceType","ServiceDescription","ServiceDirectionId","CalculatedDuration","RouteId") VALUES (1,'Autorack Baltimore Connelsville','ABC','freight','Autorack Baltimore Connelsville

',1,85,1);
INSERT INTO "Services" ("Id","ServiceName","ServiceAbbreviation","ServiceType","ServiceDescription","ServiceDirectionId","CalculatedDuration","RouteId") VALUES (2,'Manifest Cumberland-Toledo','MCT','freight','Manifest Cumberland-Toledo',1,92,1);
INSERT INTO "Services" ("Id","ServiceName","ServiceAbbreviation","ServiceType","ServiceDescription","ServiceDirectionId","CalculatedDuration","RouteId") VALUES (3,'Intermodal Chambersburg-Grafton','ICG','freight','Intermodal Chambersburg-Grafton',1,85,1);
INSERT INTO "Services" ("Id","ServiceName","ServiceAbbreviation","ServiceType","ServiceDescription","ServiceDirectionId","CalculatedDuration","RouteId") VALUES (4,'Intermodal Chicago-Porthsmouth','ICP','freight','Intermodal Chicago-Porthsmouth',1,92,1);
INSERT INTO "Services" ("Id","ServiceName","ServiceAbbreviation","ServiceType","ServiceDescription","ServiceDirectionId","CalculatedDuration","RouteId") VALUES (5,'Manifest Cumberland-Willard','MCW','freight','Manifest Cumberland-Willard',1,91,1);
INSERT INTO "Services" ("Id","ServiceName","ServiceAbbreviation","ServiceType","ServiceDescription","ServiceDirectionId","CalculatedDuration","RouteId") VALUES (6,'Autorack Philadelphia-Connelsville','APC','freight','Autorack Philadelphia-Connelsville',1,96,1);
INSERT INTO "Services" ("Id","ServiceName","ServiceAbbreviation","ServiceType","ServiceDescription","ServiceDirectionId","CalculatedDuration","RouteId") VALUES (7,'Oil Philadelphia-Trenton','OPT','freight','Oil Philadelphia-Trenton',1,87,1);
INSERT INTO "Services" ("Id","ServiceName","ServiceAbbreviation","ServiceType","ServiceDescription","ServiceDirectionId","CalculatedDuration","RouteId") VALUES (8,'Manifest Cumberland-Selkirk','MCS','freight','Manifest Cumberland-Selkirk',1,91,1);
INSERT INTO "Services" ("Id","ServiceName","ServiceAbbreviation","ServiceType","ServiceDescription","ServiceDirectionId","CalculatedDuration","RouteId") VALUES (9,'Intermodal Chambersburg-Chicago','ICC','freight','Intermodal Chambersburg-Chicago',1,84,1);
INSERT INTO "Services" ("Id","ServiceName","ServiceAbbreviation","ServiceType","ServiceDescription","ServiceDirectionId","CalculatedDuration","RouteId") VALUES (10,'Empty Coal Cumberland-Shaw Mine','CCS','freight','Empty Coal Cumberland-Shwa Mine',1,84,1);
INSERT INTO "Services" ("Id","ServiceName","ServiceAbbreviation","ServiceType","ServiceDescription","ServiceDirectionId","CalculatedDuration","RouteId") VALUES (11,'Intermodal Baltimore-Chicago','IBC','freight','Intermodal Baltimore-Chicago',1,88,1);
INSERT INTO "Services" ("Id","ServiceName","ServiceAbbreviation","ServiceType","ServiceDescription","ServiceDirectionId","CalculatedDuration","RouteId") VALUES (12,'Light Engine Cumberland-Toledo','ECT','light engine','Light Engine Cumberland-Toledo',1,78,1);
INSERT INTO "Services" ("Id","ServiceName","ServiceAbbreviation","ServiceType","ServiceDescription","ServiceDirectionId","CalculatedDuration","RouteId") VALUES (13,'Manifest Cumberland-Indianapolis','MCI','freight','Manifest Cumberland-Indianapolis',1,80,1);
INSERT INTO "Services" ("Id","ServiceName","ServiceAbbreviation","ServiceType","ServiceDescription","ServiceDirectionId","CalculatedDuration","RouteId") VALUES (14,'Oil Philadelphia-Rose Lake','OPR','freight','Oil Philadelphia-Rose Lake',1,81,1);
INSERT INTO "Services" ("Id","ServiceName","ServiceAbbreviation","ServiceType","ServiceDescription","ServiceDirectionId","CalculatedDuration","RouteId") VALUES (15,'Manifest Baltimore-Detroit','MBD','freight','Manifest Baltimore-Detroit',1,85,1);
INSERT INTO "Services" ("Id","ServiceName","ServiceAbbreviation","ServiceType","ServiceDescription","ServiceDirectionId","CalculatedDuration","RouteId") VALUES (16,'Manifest Indianapolis-Cumberland','MIC','Freight','Manifest Inidanapolis-Cumberland',2,80,1);
INSERT INTO "Services" ("Id","ServiceName","ServiceAbbreviation","ServiceType","ServiceDescription","ServiceDirectionId","CalculatedDuration","RouteId") VALUES (17,'Manifest Willard-Cumberland','MWC','freight','Manifast Willard-Cumberland',2,78,1);
INSERT INTO "Services" ("Id","ServiceName","ServiceAbbreviation","ServiceType","ServiceDescription","ServiceDirectionId","CalculatedDuration","RouteId") VALUES (18,'Coal Newell-Brunswick','CNB','freight','Coal Newell-Brunswick',2,79,1);
INSERT INTO "Services" ("Id","ServiceName","ServiceAbbreviation","ServiceType","ServiceDescription","ServiceDirectionId","CalculatedDuration","RouteId") VALUES (19,'Autorack Toledo-Baltimore','ATB','freight','Autorack Toledo-Baltimore',2,79,1);
INSERT INTO "Services" ("Id","ServiceName","ServiceAbbreviation","ServiceType","ServiceDescription","ServiceDirectionId","CalculatedDuration","RouteId") VALUES (20,'Intermodal East St Louis-LittleFerry','ILF','freight','Intermodal East St Louis-LittleFerry',2,79,1);
INSERT INTO "Services" ("Id","ServiceName","ServiceAbbreviation","ServiceType","ServiceDescription","ServiceDirectionId","CalculatedDuration","RouteId") VALUES (21,'Intermodal Chicago-Chambersburg','ICC2','freight','Intermodal Chicago-Chambersburg',2,77,1);
INSERT INTO "Services" ("Id","ServiceName","ServiceAbbreviation","ServiceType","ServiceDescription","ServiceDirectionId","CalculatedDuration","RouteId") VALUES (22,'Autorack Louiville-Baltimore','ALB','freight','Autorack Louiville-Baltimore',2,81,1);
INSERT INTO "Services" ("Id","ServiceName","ServiceAbbreviation","ServiceType","ServiceDescription","ServiceDirectionId","CalculatedDuration","RouteId") VALUES (23,'Manifest Chicago-Cumberland','MCC','freight','Manifest Chicago-Cumberland',2,79,1);
INSERT INTO "Services" ("Id","ServiceName","ServiceAbbreviation","ServiceType","ServiceDescription","ServiceDirectionId","CalculatedDuration","RouteId") VALUES (24,'Coal Shaw-Mine Yoder','CSY','freight','Coal Shaw-Mine Yoder',1,17,1);
INSERT INTO "Services" ("Id","ServiceName","ServiceAbbreviation","ServiceType","ServiceDescription","ServiceDirectionId","CalculatedDuration","RouteId") VALUES (25,'Coal Yoder-Cumberland','CYC','freight','Coal Yoder-Cumberland',2,73,1);
INSERT INTO "Services" ("Id","ServiceName","ServiceAbbreviation","ServiceType","ServiceDescription","ServiceDirectionId","CalculatedDuration","RouteId") VALUES (26,'Intermodal Chicago-Baltimore','ICB','freight','Intermodal Chicago-Baltimore',2,79,1);
INSERT INTO "Services" ("Id","ServiceName","ServiceAbbreviation","ServiceType","ServiceDescription","ServiceDirectionId","CalculatedDuration","RouteId") VALUES (27,'Manifest Toledo-Cumberland','MTC','freight','Manifest Toledo-Cumberland',2,77,1);
INSERT INTO "Services" ("Id","ServiceName","ServiceAbbreviation","ServiceType","ServiceDescription","ServiceDirectionId","CalculatedDuration","RouteId") VALUES (28,'Coach set A, all stops West','WestA','passenger','Loco: class 47

Coachset 5x Crimson and cream

All stops',9,70,2);
INSERT INTO "Services" ("Id","ServiceName","ServiceAbbreviation","ServiceType","ServiceDescription","ServiceDirectionId","CalculatedDuration","RouteId") VALUES (29,'Norton-Fizwarren-Minehead Limiited stops','WestCLX','passenger','Coack set C: Mixed Cocolate/Crimson

Class 09

Limited stops

Service starts at Norton Fitzwarren Yard',9,84,2);
INSERT INTO "Services" ("Id","ServiceName","ServiceAbbreviation","ServiceType","ServiceDescription","ServiceDirectionId","CalculatedDuration","RouteId") VALUES (30,'Coach set B, all stops West','WestB','passenger','Class 47

Chocolate and Cream Mk1s

All stops',9,92,2);
INSERT INTO "Services" ("Id","ServiceName","ServiceAbbreviation","ServiceType","ServiceDescription","ServiceDirectionId","CalculatedDuration","RouteId") VALUES (31,'Coach set C, limited stops West','WestCL','passenger','Class 09

Coach set mixed

Limited stops

Bishops Lydeart-Minehead',9,70,2);
INSERT INTO "Services" ("Id","ServiceName","ServiceAbbreviation","ServiceType","ServiceDescription","ServiceDirectionId","CalculatedDuration","RouteId") VALUES (32,'Coach set B, West last train','WestB2','pasenger','Class 47

Coaches Crimson and Cream

West

All stops',9,68,2);
INSERT INTO "Services" ("Id","ServiceName","ServiceAbbreviation","ServiceType","ServiceDescription","ServiceDirectionId","CalculatedDuration","RouteId") VALUES (33,'Coach set B, all stops East','EastB','passenger','Class 47 engine

Coach st B, Chocolate and cream

All stops

Minehead to Bishops Lydeart',10,77,2);
INSERT INTO "Services" ("Id","ServiceName","ServiceAbbreviation","ServiceType","ServiceDescription","ServiceDirectionId","CalculatedDuration","RouteId") VALUES (34,'Coach set A, all stops East','EastA','passenger','Class 47

Coach set A, Crimsom and cream

All stops

Minehead to Bishops Lydeart',10,75,2);
INSERT INTO "Services" ("Id","ServiceName","ServiceAbbreviation","ServiceType","ServiceDescription","ServiceDirectionId","CalculatedDuration","RouteId") VALUES (35,'Coach set C, limited stops East','EastCL','passenger','Class 9

Coach set mixed

limited stops

Minehead to Bishops Lydeart',10,74,2);
INSERT INTO "Services" ("Id","ServiceName","ServiceAbbreviation","ServiceType","ServiceDescription","ServiceDirectionId","CalculatedDuration","RouteId") VALUES (36,'Coach set B, all stops East 2','EastB2','passenger','Class 47

Coach set chocolate/cream

All stops

Minehead to Bishops Lydeart

Fast drive, 5 minutes shorter than EastB',10,74,2);
INSERT INTO "Services" ("Id","ServiceName","ServiceAbbreviation","ServiceType","ServiceDescription","ServiceDirectionId","CalculatedDuration","RouteId") VALUES (37,'Coach set A, all stops, East 2','EastA2','passenger','Class 47

Coach set Crimson and cream

All stops

Minehead to Bishops Lydeart',10,72,2);
INSERT INTO "Services" ("Id","ServiceName","ServiceAbbreviation","ServiceType","ServiceDescription","ServiceDirectionId","CalculatedDuration","RouteId") VALUES (38,'Minehead-Norton-Fitzwarren, Limitd stops','EastCLX','passenger','Class 09

Mixed coaches

Limited stops

Minehead to Norton Fitzwarren',10,91,2);
INSERT INTO "Services" ("Id","ServiceName","ServiceAbbreviation","ServiceType","ServiceDescription","ServiceDirectionId","CalculatedDuration","RouteId") VALUES (39,'RB56 Hagen-Letmathe','RB56S','passenger','Hagen-Letmathe

All stops

southbound

Passenger',11,17,3);
INSERT INTO "Services" ("Id","ServiceName","ServiceAbbreviation","ServiceType","ServiceDescription","ServiceDirectionId","CalculatedDuration","RouteId") VALUES (40,'RB91 Hagen-Finnentrop all stops','RB91S','passenger','RB91

Hagen-Finnentrop

All stops

Passenger',11,54,3);
INSERT INTO "Services" ("Id","ServiceName","ServiceAbbreviation","ServiceType","ServiceDescription","ServiceDirectionId","CalculatedDuration","RouteId") VALUES (41,'RE16 Hagen-Finnentrop Limited','RE16S','passenger','RE16

passenger

Hagen-Finnetrop

Linmited stops.

Does not stop in Hohenlimburg and Altena',11,51,3);
INSERT INTO "Services" ("Id","ServiceName","ServiceAbbreviation","ServiceType","ServiceDescription","ServiceDirectionId","CalculatedDuration","RouteId") VALUES (42,'RB56 Letmathe-Hagen','RB56N','passenger','Letmathe-Hagen

All stops

southbound

Passenger',12,16,3);
INSERT INTO "Services" ("Id","ServiceName","ServiceAbbreviation","ServiceType","ServiceDescription","ServiceDirectionId","CalculatedDuration","RouteId") VALUES (43,'RB91 Finnentrop-Hagen all stops','RB91N','passenger','Finnentrop-Hagen

Passenger

all stops

RB91',12,54,3);
INSERT INTO "Services" ("Id","ServiceName","ServiceAbbreviation","ServiceType","ServiceDescription","ServiceDirectionId","CalculatedDuration","RouteId") VALUES (44,'RE16 Finnentrop-Hagen limited','RE16E','passenger','Finnentrop-Hagen

Limited stops

RE16

Passenger',12,52,3);
INSERT INTO "Locations" ("Id","LocationName","LocationAbbreviation","NumberOfTracks","Order","RouteId") VALUES (1,'Cumberland Line End','CblEnd',4,10,1);
INSERT INTO "Locations" ("Id","LocationName","LocationAbbreviation","NumberOfTracks","Order","RouteId") VALUES (2,'Cumberland Yard','CblY',50,20,1);
INSERT INTO "Locations" ("Id","LocationName","LocationAbbreviation","NumberOfTracks","Order","RouteId") VALUES (3,'Cumberland Depot','CblD',4,30,1);
INSERT INTO "Locations" ("Id","LocationName","LocationAbbreviation","NumberOfTracks","Order","RouteId") VALUES (4,'Hyndman','Hmn',3,40,1);
INSERT INTO "Locations" ("Id","LocationName","LocationAbbreviation","NumberOfTracks","Order","RouteId") VALUES (5,'Mance','Mnc',2,50,1);
INSERT INTO "Locations" ("Id","LocationName","LocationAbbreviation","NumberOfTracks","Order","RouteId") VALUES (6,'Sandpatch','Spt',4,60,1);
INSERT INTO "Locations" ("Id","LocationName","LocationAbbreviation","NumberOfTracks","Order","RouteId") VALUES (7,'Salisbury','Sby',3,70,1);
INSERT INTO "Locations" ("Id","LocationName","LocationAbbreviation","NumberOfTracks","Order","RouteId") VALUES (8,'Shaw Mine','ShM',1,80,1);
INSERT INTO "Locations" ("Id","LocationName","LocationAbbreviation","NumberOfTracks","Order","RouteId") VALUES (9,'Rockwood','Rwd',3,90,1);
INSERT INTO "Locations" ("Id","LocationName","LocationAbbreviation","NumberOfTracks","Order","RouteId") VALUES (10,'Rockwood Mine','RwdM',1,100,1);
INSERT INTO "Locations" ("Id","LocationName","LocationAbbreviation","NumberOfTracks","Order","RouteId") VALUES (11,'Rockwood Line End','RwdEnd',2,110,1);
INSERT INTO "Locations" ("Id","LocationName","LocationAbbreviation","NumberOfTracks","Order","RouteId") VALUES (12,'Yoder','Yod',3,85,1);
INSERT INTO "Locations" ("Id","LocationName","LocationAbbreviation","NumberOfTracks","Order","RouteId") VALUES (13,'Norton-Fitzwarren','NFw',2,10,2);
INSERT INTO "Locations" ("Id","LocationName","LocationAbbreviation","NumberOfTracks","Order","RouteId") VALUES (14,'Bishops Lyeart','BLy',2,20,2);
INSERT INTO "Locations" ("Id","LocationName","LocationAbbreviation","NumberOfTracks","Order","RouteId") VALUES (15,'Crowcombe Heathfiled','CrH',2,30,2);
INSERT INTO "Locations" ("Id","LocationName","LocationAbbreviation","NumberOfTracks","Order","RouteId") VALUES (16,'Stogumber','Stg',1,40,2);
INSERT INTO "Locations" ("Id","LocationName","LocationAbbreviation","NumberOfTracks","Order","RouteId") VALUES (17,'Williton','Wlt',2,50,2);
INSERT INTO "Locations" ("Id","LocationName","LocationAbbreviation","NumberOfTracks","Order","RouteId") VALUES (18,'Doniford','Dnf',1,60,2);
INSERT INTO "Locations" ("Id","LocationName","LocationAbbreviation","NumberOfTracks","Order","RouteId") VALUES (19,'Watchet','Wtch',1,70,2);
INSERT INTO "Locations" ("Id","LocationName","LocationAbbreviation","NumberOfTracks","Order","RouteId") VALUES (20,'Washford','Wsf',2,80,2);
INSERT INTO "Locations" ("Id","LocationName","LocationAbbreviation","NumberOfTracks","Order","RouteId") VALUES (21,'Blue Anchor','BlA',2,90,2);
INSERT INTO "Locations" ("Id","LocationName","LocationAbbreviation","NumberOfTracks","Order","RouteId") VALUES (22,'Dunster','Dns',2,100,2);
INSERT INTO "Locations" ("Id","LocationName","LocationAbbreviation","NumberOfTracks","Order","RouteId") VALUES (23,'Minehead','Mnh',4,110,2);
INSERT INTO "Locations" ("Id","LocationName","LocationAbbreviation","NumberOfTracks","Order","RouteId") VALUES (24,'Hagen line end','HgnEnd',8,10,3);
INSERT INTO "Locations" ("Id","LocationName","LocationAbbreviation","NumberOfTracks","Order","RouteId") VALUES (25,'Hagen Hauptbahnhof','HgnHbf',8,20,3);
INSERT INTO "Locations" ("Id","LocationName","LocationAbbreviation","NumberOfTracks","Order","RouteId") VALUES (26,'Hagen Yard1','HgnYd1',30,30,3);
INSERT INTO "Locations" ("Id","LocationName","LocationAbbreviation","NumberOfTracks","Order","RouteId") VALUES (27,'Hagen Yard2','HgnY2',50,40,3);
INSERT INTO "Locations" ("Id","LocationName","LocationAbbreviation","NumberOfTracks","Order","RouteId") VALUES (28,'Hagen Yard 3','HgmY3',10,50,3);
INSERT INTO "Locations" ("Id","LocationName","LocationAbbreviation","NumberOfTracks","Order","RouteId") VALUES (29,'Hagen Yard 4','HgnY4',10,60,3);
INSERT INTO "Locations" ("Id","LocationName","LocationAbbreviation","NumberOfTracks","Order","RouteId") VALUES (30,'Hohenlimburh','Hlb',4,70,3);
INSERT INTO "Locations" ("Id","LocationName","LocationAbbreviation","NumberOfTracks","Order","RouteId") VALUES (31,'Hohenlimburg Yard1','HlbY1',5,80,3);
INSERT INTO "Locations" ("Id","LocationName","LocationAbbreviation","NumberOfTracks","Order","RouteId") VALUES (32,'Iserlohn-Letmathe','IsL',2,90,3);
INSERT INTO "Locations" ("Id","LocationName","LocationAbbreviation","NumberOfTracks","Order","RouteId") VALUES (33,'Altena','Alt',2,100,3);
INSERT INTO "Locations" ("Id","LocationName","LocationAbbreviation","NumberOfTracks","Order","RouteId") VALUES (34,'Wehrdohl-Elverlingen Kraftwerk','WerKw',1,110,3);
INSERT INTO "Locations" ("Id","LocationName","LocationAbbreviation","NumberOfTracks","Order","RouteId") VALUES (35,'Werdohl','Wdl',3,120,3);
INSERT INTO "Locations" ("Id","LocationName","LocationAbbreviation","NumberOfTracks","Order","RouteId") VALUES (36,'Plettenberg Yard1','PlbY1',10,130,3);
INSERT INTO "Locations" ("Id","LocationName","LocationAbbreviation","NumberOfTracks","Order","RouteId") VALUES (37,'Plettenberg','Plb',4,140,3);
INSERT INTO "Locations" ("Id","LocationName","LocationAbbreviation","NumberOfTracks","Order","RouteId") VALUES (38,'Plettenberg Yard 2','PlbY2',5,150,3);
INSERT INTO "Locations" ("Id","LocationName","LocationAbbreviation","NumberOfTracks","Order","RouteId") VALUES (39,'Finnentrop Yard1','FntY1',10,160,3);
INSERT INTO "Locations" ("Id","LocationName","LocationAbbreviation","NumberOfTracks","Order","RouteId") VALUES (40,'Finnentrop','Fnt',8,170,3);
INSERT INTO "Locations" ("Id","LocationName","LocationAbbreviation","NumberOfTracks","Order","RouteId") VALUES (41,'Finnentrop Yard2','FntY2',8,180,3);
INSERT INTO "Locations" ("Id","LocationName","LocationAbbreviation","NumberOfTracks","Order","RouteId") VALUES (42,'Finnentrop Line end','FntEnd',4,190,3);
INSERT INTO "Routes" ("Id","RouteName","RouteAbbreviation","RouteDescription") VALUES (1,'Sandpatch (Heavy Haul)','HH','US route');
INSERT INTO "Routes" ("Id","RouteName","RouteAbbreviation","RouteDescription") VALUES (2,'West Somerset Railway','WSR','A UK heritage railway, in TSW diesel only.');
INSERT INTO "Routes" ("Id","RouteName","RouteAbbreviation","RouteDescription") VALUES (3,'Ruhr-Sieg-North','RSN','The German Ruhr-Sieg route,fro Hagen till Finnentrop');